[VS 3349669] disposition: failed
[VS 3349669] tcId 1: failed
  expected: {"digest":"9801791C5BD766C9A203177920A94E7E6B32748BDC26AC3A438D7088FB0ABE60"}
  provided: {"digest":"FD742C6BFE5981A5EBFDF5478FB238DFAC885756F4753768CC0DEE202E7904A7"}
  reason: "Digests do not match"
[VS 3349669] tcId 2: failed
  expected: {"digest":"16074406046B620A1DC02E3DFB5EAF04C7B7AA611CAAF85F2E231AD6D2723F06"}
  provided: {"digest":"BFBB6A854950C42470CAA68F4B938AD06D4CD04CD190BB37F404ADEDAF27D13D"}
  reason: "Digests do not match"
[VS 3349669] tcId 3: failed
  expected: {"digest":"EC2E25466FF225F0CC9BA550884A81C400FA780EB9F5242C7D106AC0D83E17FC"}
  provided: {"digest":"BAA5A62D3200963BDC0B85A1F99CF26D511659D5EB842719C71BF1D1E630EA1C"}
  reason: "Digests do not match"
[VS 3349669] tcId 4: failed
  expected: {"digest":"3C06902ED0F076B79AFF3CF77777EEEA4306A145776E8C80F225A856927B9297"}
  provided: {"digest":"80F5340EF9FA8D81219405B749EA4E08A1F3FC4B336E6A783B5E289D59251518"}
  reason: "Digests do not match"
[VS 3349669] tcId 6: failed
  expected: {"digest":"E0EA233A9CA6982295C03656E76C02ACB3A66EF6BB4A2313AA1B09D9F2612982"}
  provided: {"digest":"6F15E63B971EA3A4798383274FEFF7A0DB3F65C2B58861DD86EA8A74C4143B53"}
  reason: "Digests do not match"
[VS 3349669] tcId 7: failed
  expected: {"digest":"9A0E425E6A8FB545D78C8C1AF7BFD63D50BE94C99232F793218F458DB63E41D7"}
  provided: {"digest":"D0888E0E57E4845636C7D54F27F8401DA81A9DBA0B2FB35A97E6661DD63B80B2"}
  reason: "Digests do not match"
[VS 3349669] tcId 8: failed
  expected: {"digest":"09BC9CE7D076404518E950B8CDA133D3ACE0AD96A6B683C708DC5B0BD8A8F5E5"}
  provided: {"digest":"3A91D61156CC42FB9A4BDF4A87C8DB25BBC521A3D0A0E0AA1BB069284336C185"}
  reason: "Digests do not match"
[VS 3349669] tcId 9: failed
  expected: {"digest":"3B7B01C4E5877F4B3D0EAA06CD06FB659B9683E947711C72DA5E30A44CE13625"}
  provided: {"digest":"5361964CCC1951785E0DBDCE14782E28A4E6AD306654BADF2C0235A025F8E0A3"}
  reason: "Digests do not match"
[VS 3349669] tcId 10: failed
  expected: {"digest":"8D3D125DDA1616492F377C6B0E4C2269B8F9856DF6465E9390D3AE78D0B8319A"}
  provided: {"digest":"C5EEDC6F12CC4A5CE2562FD0367A167A90AF688BAF5AA9BECDEAEF09DF42C192"}
  reason: "Digests do not match"
[VS 3349669] tcId 11: failed
  expected: {"digest":"86CC9ABD8DF5DC8E93432989FF56AACC74AD9B25841778FBABACD43D162DCB5A"}
  provided: {"digest":"307F9A9A6D425F2CDD5F5FE6EE7538FEBF5987049E42F3E3191027566F56381E"}
  reason: "Digests do not match"
[VS 3349669] tcId 12: failed
  expected: {"digest":"B29AF71F5BC07F06B8D368646DE06307E0C4A90F888A47D271CB01528D8B3350"}
  provided: {"digest":"AC31733B6BE30280EC499E6BD9505825B77E13324F943E4EEAFEF242D0F3382E"}
  reason: "Digests do not match"
[VS 3349669] tcId 13: failed
  expected: {"digest":"D2B6CF0E9DCD77258AB10CE2862E58C5F3648CD5D204A7488B861F8C3659FCBE"}
  provided: {"digest":"0D5DA4D0BE6A1BBBFBA4F6CB7289B745A86ACD1997A66F5F976D31190C14DB3B"}
  reason: "Digests do not match"
[VS 3349669] tcId 14: failed
  expected: {"digest":"DB380791E6FAE0CD32DD106F3051E335D0BC5D10C06661608D741D8F2DE75AE7"}
  provided: {"digest":"A20696B004ACBFEF517616E892EF2D81D19D06063271815DB944D46B34DD6090"}
  reason: "Digests do not match"
[VS 3349669] tcId 15: failed
  expected: {"digest":"7F60DD07F34A0773ECCB471218C6736ADCBC77442EF28ECEAE79E5B94AB45951"}
  provided: {"digest":"4A773FE30EA47EC2D301DB8072AE863D73F4EDD49384252F0A613D2F54E03137"}
  reason: "Digests do not match"
[VS 3349669] tcId 16: failed
  expected: {"digest":"43A1AC8F47C197BAF98EF304320BDAD244108DCB185460E0F4BA6C341FC681BD"}
  provided: {"digest":"5409FB407165FAB5FAAEC1F0B5E677EDF33CF197AE09946DACA33F11F35E6231"}
  reason: "Digests do not match"
[VS 3349669] tcId 17: failed
  expected: {"digest":"094981D72DC733A5C35315122BD913785B09E6A06D813B63C6EBA194D18828EB"}
  provided: {"digest":"9D62423E4F2046F201FF0EEBEE1673E35AD6C5E5973B4537D5E11330811E05E5"}
  reason: "Digests do not match"
[VS 3349669] tcId 18: failed
  expected: {"digest":"D23BB446A85CC279D9ECC3F39D53910E3281D71E439AEBEF7E2F760458614822"}
  provided: {"digest":"F2D6129C0025967A48B9A520F6D4D6AC79751C5601C90E590AABFBCF057D3EE6"}
  reason: "Digests do not match"
[VS 3349669] tcId 19: failed
  expected: {"digest":"0B06BEDD6DB5563E0715DFF62BAF0CFB30127775687453C777D76E1F2B091330"}
  provided: {"digest":"645B421467C4FEC5086ED0B32EA1C6CC4B5CCDBC33BBFA01D3FA8448A093A2BA"}
  reason: "Digests do not match"
[VS 3349669] tcId 21: failed
  expected: {"digest":"9B41612C08F2DE2DB4AC3F85A71C2C602AA133A78A1986CD23B589047FE03C2A"}
  provided: {"digest":"5C0A721591B54D47137DFAB82EDE524BDDF2B1020F6D914A980AE58B3F9A3695"}
  reason: "Digests do not match"
[VS 3349669] tcId 22: failed
  expected: {"digest":"D57B8051FA4C3508EE76326C9C1CC3C06D1F426B48CF57C2BDD467FD170F1333"}
  provided: {"digest":"37D318BBE11B20CD025E0F65FBFB14D799A843F7D00DE37CDF398F6E6276F6F6"}
  reason: "Digests do not match"
[VS 3349669] tcId 23: failed
  expected: {"digest":"DA1C2D44B0961D3518D4558FC5056CCBEDC4A0FEE6909FACDB6F26A0919B735D"}
  provided: {"digest":"CF4B6C94C06ED4912FCDC18BB51095587F4BFFF2110071341B9A1CFD203C56EE"}
  reason: "Digests do not match"
[VS 3349669] tcId 24: failed
  expected: {"digest":"5F2FB2398592D47D28B08FA8201E30C4FA77DBAAF3D5F5929E77409C04501D8D"}
  provided: {"digest":"34418BEC9F4F5B9AD3B5EF06F3711492681FAFB02E252FF80D864351F16190AA"}
  reason: "Digests do not match"
[VS 3349669] tcId 25: failed
  expected: {"digest":"94304F416B75CD9C4720FD4B448E8B857D63BB08799002F09A444D16CA79D43D"}
  provided: {"digest":"D807CD797C21DAD59D4215B18567765B38DBDFA512FD3DC95B75A149A5686D34"}
  reason: "Digests do not match"
[VS 3349669] tcId 28: failed
  expected: {"digest":"FCB696652C480A3C7221308CC592DFA29C42AFB9596CD0F90DBC918F8D75C7E3"}
  provided: {"digest":"A71EA0C6518EEEBF58BA0DBD77059A786D6738071A5BA30156899E5E72C34493"}
  reason: "Digests do not match"
[VS 3349669] tcId 30: failed
  expected: {"digest":"28DF2C82EFC9457930D06FDE0E5068FE13CAC3119E148DDC9C5AFBF0E4B486B7"}
  provided: {"digest":"A620880B9619F0A2A69DAC3CBB6BC020B414B8FE8DF896AD80428041FF23EF8B"}
  reason: "Digests do not match"
[VS 3349669] tcId 31: failed
  expected: {"digest":"561B060677BC8ED2750E47B03FB9A4A1DD58AAD8418350C95CE11A3927F84FAD"}
  provided: {"digest":"F6E2D94E6EF89028EC8765CEED6E9EAE9EE9C6204F13908EB4A6FA9CEF28735C"}
  reason: "Digests do not match"
[VS 3349669] tcId 32: failed
  expected: {"digest":"A9A5A3D023A88871C022DB550CA7EEF8E488B83C1949F07578C9C6B0EEDB6DB3"}
  provided: {"digest":"C85BDB93263F0A2267B2398D3A0C58DEF56C65DA21617436C79F74F052B36404"}
  reason: "Digests do not match"
[VS 3349669] tcId 34: failed
  expected: {"digest":"EB581E1560505E9361886E7E57FB708FCA70FDEE863D5DABF77C5DD072135138"}
  provided: {"digest":"B2E10D1E6FD263D2AB5EA563CBA62D76D9642852A11355DB668A0158537E132A"}
  reason: "Digests do not match"
[VS 3349669] tcId 35: failed
  expected: {"digest":"B66653D45AEBE10434C77E1ED42FB5ABE1B612F51BFE7863ED08569A22285629"}
  provided: {"digest":"1F057C8FA58ABB605F852BD5D16B657146B104FBB07D741C8E40F5FBAFBBF558"}
  reason: "Digests do not match"
[VS 3349669] tcId 36: failed
  expected: {"digest":"7C42E02F4218B16274BFC083EB960F066D4071309F25D13E7C2E5D53D17D7008"}
  provided: {"digest":"590C7C05F34620F94B1F7EB0CF1F2E1F1F8377852DC2CDB3C272F5D5BF6A6E4C"}
  reason: "Digests do not match"
[VS 3349669] tcId 37: failed
  expected: {"digest":"86C89E0BDB5041B40560C738BBE269616D6F578FD222221933925B695B0EBB14"}
  provided: {"digest":"666ED3E42D7DBCF164F1C93D723E4C87C230FDC706DEA789E6BC5607868825FF"}
  reason: "Digests do not match"
[VS 3349669] tcId 38: failed
  expected: {"digest":"993ABC9B2184782DAE4365AE2392C58787011BA0B06738A1FC78CFF376127D0D"}
  provided: {"digest":"C22A5BFA06B7968ABE779AA96FC19E4028A9C33892EC5FF55810ED45ACC27845"}
  reason: "Digests do not match"
[VS 3349669] tcId 39: failed
  expected: {"digest":"E409FD057D163BAA0A937308CED042835F1CC148A9B4799B2CCD858C7F894B63"}
  provided: {"digest":"FD639D740B8124D05FC7FAB9A846A296C9FAE4740BFD17C32A000EECCB14D64C"}
  reason: "Digests do not match"
[VS 3349669] tcId 41: failed
  expected: {"digest":"18D7FC5F13C2D386DF890E001D010B38FE6F09305D696375F3BC3303627C98AA"}
  provided: {"digest":"CA75654D3DEC3C829C55A1C2AF8CCB1A24128AA334DA9598C83E6C92BA49BBA1"}
  reason: "Digests do not match"
[VS 3349669] tcId 43: failed
  expected: {"digest":"BE14C38F100653CBA1FB24936583D78B5F4C457C9AAFA2F8F9B93BFAF03E26C4"}
  provided: {"digest":"0033E195A9AB8EEF5E016A6B0E698F64BE72C359D7B227A90457FE5DFD54FD46"}
  reason: "Digests do not match"
[VS 3349669] tcId 44: failed
  expected: {"digest":"DDF373F744309B7A11420B318A798708AA8C4BDC113F1FE9ACB23B5963297D22"}
  provided: {"digest":"559A8983C2C155D48CEA8279000C9C8E0E2FDB0BD008D4FAA31C4FC27600B2B6"}
  reason: "Digests do not match"
[VS 3349669] tcId 45: failed
  expected: {"digest":"A962194B4C097214110AEED8C5EFC11DB20B815F5D72F962CF0034A0ECF3B72D"}
  provided: {"digest":"26096F6EBF6DC3E7DE71C7630AD30179593EC70803C76F951563F77979C83B24"}
  reason: "Digests do not match"
[VS 3349669] tcId 46: failed
  expected: {"digest":"A302DD38B73ECC60314457773B0CA671B540744A1D2C4DDEE29E2E50E90FEDD2"}
  provided: {"digest":"295570B9A9B3DE876AF97D44F34A1892C40535FC1B749421C88FF0BAE9E37EF4"}
  reason: "Digests do not match"
[VS 3349669] tcId 47: failed
  expected: {"digest":"042FE951E96546D10974A366687B5B065EB3BE3004BD1124F665358516DF64C4"}
  provided: {"digest":"7E838A4A30C2A43E3E70D9A91990A59AE3D85F44783CB8EA0AC6C01A0A638551"}
  reason: "Digests do not match"
[VS 3349669] tcId 48: failed
  expected: {"digest":"CE6340DC5C64F54B18CC647236234A5BE9E2B8D818290F3651731B8DF0B0CB8C"}
  provided: {"digest":"946E31580F1428FF1FA01B57450D2FE2F42671ECD869C247A445FBCAC1CAE30C"}
  reason: "Digests do not match"
[VS 3349669] tcId 49: failed
  expected: {"digest":"1C531D1671B00E4B33988D03EEC66EB1FE53E415FE60D0339CE9BE3223B158B8"}
  provided: {"digest":"D7D9D0DD7856A440A2D7C9C4DB41AF8C7E119797ADE8D3DBF7A5D56F5F940AE2"}
  reason: "Digests do not match"
[VS 3349669] tcId 50: failed
  expected: {"digest":"B0A3094D52801F6B184F5C12FA8EDA4265FB2E8800B5DD85FB7C40E85F5018EF"}
  provided: {"digest":"E7A6D2640F13AF9AE9341C3D76C7E769F39209C8F2E69A7B4B942C7E986BBA65"}
  reason: "Digests do not match"
[VS 3349669] tcId 51: failed
  expected: {"digest":"2480E1AB43BD10744F83094D32572020DC0F29D60D0361DDC916D7BB55C34739"}
  provided: {"digest":"17697B2F750120B6A9B9137901D907F28CA6AA720DC41BF2F49F33CA65FCD7EC"}
  reason: "Digests do not match"
[VS 3349669] tcId 52: failed
  expected: {"digest":"D95C56D4F5C6C84E89F1CE82D7554EF8B8CB069EE1B0873F7C3569B3A32B985D"}
  provided: {"digest":"F3614CF6E18A7E8BEA13ED6809E4D72648F0CA1C6C16480D1C1FB04236AB68B1"}
  reason: "Digests do not match"
[VS 3349669] tcId 53: failed
  expected: {"digest":"70855EAB9CEEDC68CA239FD0F4A97D64406C8E323731ECBAE3B8BECA997CD702"}
  provided: {"digest":"ADE33FCC9BE9CA47693B5A170614EE40C2C40264EB4DD4CE89921E15E219EBB3"}
  reason: "Digests do not match"
[VS 3349669] tcId 54: failed
  expected: {"digest":"212D77703BFBC6C70F94F10F6FEA7853FF7063A551B12A97DBD42ED1640F6750"}
  provided: {"digest":"ABD879F6F9F3EDADA5333100F9C1AE5AAA3FD988CA9A80881769C4AB8B020BDC"}
  reason: "Digests do not match"
[VS 3349669] tcId 56: failed
  expected: {"digest":"D4FC15857B6ED32DC321D1C3F980A2FD7E646AFE075293980B08B955E5D7AB29"}
  provided: {"digest":"523B82FAAEE4713AD0E8FCD1A98A15ED2B460CFF8527D6F9014955A606FE4738"}
  reason: "Digests do not match"
[VS 3349669] tcId 57: failed
  expected: {"digest":"32B9DB3AD66DE8DC824913B47640E75ADEE86A239655ECE6C7107D3D0B2F0EF3"}
  provided: {"digest":"5B012C82DC4DAA4DA1E5346A62B0BDE1C7F54B25D87C9584115ADCE2684CA7EC"}
  reason: "Digests do not match"
[VS 3349669] tcId 58: failed
  expected: {"digest":"6B9A293DD8C1884CEA2928C450F600621E925D794A37390CDEAFDC1023B7DB32"}
  provided: {"digest":"3E0929BFE33E8DC5BA381A2E748EAF4FF3AF70C332CD4EE52E65517C257E4ED3"}
  reason: "Digests do not match"
[VS 3349669] tcId 60: failed
  expected: {"digest":"20C04999199A4E5D7AE3487301F617E75338347E807732A28BB13DDCEFC6F98D"}
  provided: {"digest":"6781C5327A688E6E37D314B80B71DD94FD84CE7DCECBB94A0681371C9272C838"}
  reason: "Digests do not match"
[VS 3349669] tcId 62: failed
  expected: {"digest":"D959D3DA58D1DA37B3552CFD0D7E864DBAE8D236D7195206B2B14BCE0E398EE5"}
  provided: {"digest":"0C54AAA90E908662D59D4DDCD80B9A1053843853D1A95192EA9CE3252C810795"}
  reason: "Digests do not match"
[VS 3349669] tcId 63: failed
  expected: {"digest":"A318F7CD4F7916B20EEAD7430F5F25ADAE80FC1C570E59EED92CE872E9331F5C"}
  provided: {"digest":"4D30CBF58AB574E5CF650854394DF43C757202EBE17FE9B2849549EBC18EFEFE"}
  reason: "Digests do not match"
[VS 3349669] tcId 64: failed
  expected: {"digest":"8C11F96FF00B9707B648C936E1FA2B041A594D32F382B85DF021A2D3F78288D5"}
  provided: {"digest":"84B6AB5C23840DF0CB18EC13954569C0C0138463D70A64316C923632441A6373"}
  reason: "Digests do not match"
[VS 3349669] tcId 65: failed
  expected: {"digest":"E1CC90F40AB81C945338BF37E6C091A0BE9910DC2B8AEBD99FB059E1A8FE8AAB"}
  provided: {"digest":"913E206450A94097D06800875115392556FA12BDB89E98B8E7F1782CE75B99AB"}
  reason: "Digests do not match"
[VS 3349669] tcId 66: failed
  expected: {"digest":"65B1E8DBA16D629EF4C0058CB9523C917CC7EF6D5A1A22647525618237C6E08C"}
  provided: {"digest":"D2F06FB6089F54C6A9DF18D98B53F70521FBFE7EB367D722716808AD3644CD5D"}
  reason: "Digests do not match"
[VS 3349669] tcId 67: failed
  expected: {"digest":"1E9A03C236305302E49711E25798BF26BC0523E263DFD607F37421A4993A184C"}
  provided: {"digest":"B72D5AB9943CB652FCC781C0FBD997ACAFA174148238F61CEEB2CAB1140E5831"}
  reason: "Digests do not match"
[VS 3349669] tcId 68: failed
  expected: {"digest":"A7566C774472BA5B3EA2A2678702E8C76CBCF214D4C301632137C0190121B534"}
  provided: {"digest":"4FAF87E8A1F9CFD722B8B6328BC9824DB11323AA16240D8499D5F0F9AE8595FF"}
  reason: "Digests do not match"
[VS 3349669] tcId 69: failed
  expected: {"digest":"CDF8BDF6C34F6E6314DEBC360C444B7150AD883E5DE218EEF6217634DD49E571"}
  provided: {"digest":"9A988AB04188297CFA3D62707BC113A63FEF77B55AB67AB30E4BAB52D6E03589"}
  reason: "Digests do not match"
[VS 3349669] tcId 70: failed
  expected: {"digest":"EEFD6C60CBF9BBB78D2ECE0F527B6205B3DEBD4D28738B17D1A968CD72603D28"}
  provided: {"digest":"7C30062C0F5507BA7F40382FD382164E4B95C353A0028BB4FA049BD902B89616"}
  reason: "Digests do not match"
[VS 3349669] tcId 71: failed
  expected: {"digest":"45980C82E38FF14E676153F7287110C3CA52F977845BFB087E8A2BBCFD01F1F4"}
  provided: {"digest":"9540FECF6CDADA5C239F3E07A739C5E451547EB4AE04EFE4005B564FEC58B4C9"}
  reason: "Digests do not match"
[VS 3349669] tcId 72: failed
  expected: {"digest":"4F9F8E71F876688C4B3A505BB0EF4D22AE734BA0833DDC16059EBB1D40E5C258"}
  provided: {"digest":"EBB383319384C27A2966A9705F2046C18C6B2E19C8D6F79B47ECDB17D7DCC114"}
  reason: "Digests do not match"
[VS 3349669] tcId 73: failed
  expected: {"digest":"AA42314A954868EF67A3C0D6DBE45FFB70B99711F1A39D69453D7DB67228B941"}
  provided: {"digest":"91AFF576754D63FC6414443BFE94170D456F8171E42E3D9B1C4CDA0491078E50"}
  reason: "Digests do not match"
[VS 3349669] tcId 74: failed
  expected: {"digest":"91E92D3C1A7AE3526EE0C78B3FC15257EC36F8FC69DEC80DFA0AB3C43504CED8"}
  provided: {"digest":"34825FBAAC648264B980F83E0F334B7AEAF86B1E0B47CF344CFFD5F7884EFCE1"}
  reason: "Digests do not match"
[VS 3349669] tcId 75: failed
  expected: {"digest":"B751FD7A8F8EE86CB972D25963948A2526FA6091DC7A9273492EE547371C3777"}
  provided: {"digest":"D836C198C69A611C52D5CDF0E688A9ADB1DCDA74DEE3F2FDECE108D6013F4FFE"}
  reason: "Digests do not match"
[VS 3349669] tcId 76: failed
  expected: {"digest":"5285A70FD764B43A4FA73BDF6DD675037DD4B08A411F2AAF4BE397621B87A32C"}
  provided: {"digest":"AE4E0E982CFCDBE52E3580B005DAF517B0C249BC200A851EE42CC065FA460308"}
  reason: "Digests do not match"
[VS 3349669] tcId 77: failed
  expected: {"digest":"9FCC7DFF9D1AB9F501085903C8154F5DEFA9972355E1422E900DACBCAF8A2C91"}
  provided: {"digest":"EA53508C617B498DC61863CF54711B1317DE84364976BFB28CC14A0DB8245A27"}
  reason: "Digests do not match"
[VS 3349669] tcId 78: failed
  expected: {"digest":"E0900302A2B38393110D47842E57A775C11D9C26A62C3BBDCFC53E2F85AAFA9D"}
  provided: {"digest":"61A9BBE00F58A9E2A73538576B2023E48EA8623A0F50C35FCA16FBB032053D56"}
  reason: "Digests do not match"
[VS 3349669] tcId 79: failed
  expected: {"digest":"05056F6914393F7CB884BA79BBE70FA6E4AA551C04421B180DF3A616C5BA8D54"}
  provided: {"digest":"319DCB65579D7ACAEA452A19ACE5B62B8C5E20181D7373A168053AAF49664C31"}
  reason: "Digests do not match"
[VS 3349669] tcId 80: failed
  expected: {"digest":"EACB083913FABC9A00095A9E7B7EC7671610CC3C8E7C0DC379A03B4DB8F6B960"}
  provided: {"digest":"3D7D4D05BAD5137A95C4DDF2EC6DDDDF20D88ACF029003EA3EF325D736CE9D5E"}
  reason: "Digests do not match"
[VS 3349669] tcId 81: failed
  expected: {"digest":"A1C9A17BB21982ADE33416990B078A10B1BBFBB09CC2AB176AEA7FF4F0F0FC7A"}
  provided: {"digest":"F1372663000DB86D4FC3C59D982A1DBDF87A9D7825416BBA67E7D2DF3999459C"}
  reason: "Digests do not match"
[VS 3349669] tcId 82: failed
  expected: {"digest":"A3F22B6337C9450A889BAA8D189B9EE6E8E536BFA422353701F407B4BB46E8F2"}
  provided: {"digest":"7B7E1D7FBE61464046658D89CE3882C743A0DADB3CD789EE31806D570F63E235"}
  reason: "Digests do not match"
[VS 3349669] tcId 83: failed
  expected: {"digest":"EAC6510CE963EFAB6459D27CF7E0542FC04D16CF123DEE3629484914D05D3C6B"}
  provided: {"digest":"17B372CBDD68B9898FDF1F3924B6D497386BE8C967A99B6BCE253DF70042877F"}
  reason: "Digests do not match"
[VS 3349669] tcId 84: failed
  expected: {"digest":"03E8BC8E2CC4467B679412FEE57458D9E63FCEB72471CFFC7D609D1DD6ADB748"}
  provided: {"digest":"88FC1A1407AB3EA2913C16DC103CF02482EB980999667DFC045369315A5EC4B6"}
  reason: "Digests do not match"
[VS 3349669] tcId 85: failed
  expected: {"digest":"5A7FB81E23A2BE0E6C456A3D8648ECF698E6E350B151150E1C3BFDCF6603DF78"}
  provided: {"digest":"03BEECB60E1599B7316F106F5961221EF43CA6870E0F5D74DB69EA422DADC217"}
  reason: "Digests do not match"
[VS 3349669] tcId 86: failed
  expected: {"digest":"57EDB9999CBB9FC56A01B5166FC04E6FC4A2E845B1422FA08E7DF1F6AFADD613"}
  provided: {"digest":"B6AB4F49B983CE9D8EF28587DA370167F4185EF962944CB1DE6528A021E41E8F"}
  reason: "Digests do not match"
[VS 3349669] tcId 89: failed
  expected: {"digest":"4CC4039B3690555EB8162E46FF3C2ADEE48F6F3D4B2382D94C5A1D9CF7AA081D"}
  provided: {"digest":"6E08670A442F83E9FC856B407D27E2C9016F881EC11609E28FBA1B8C92F45E46"}
  reason: "Digests do not match"
[VS 3349669] tcId 90: failed
  expected: {"digest":"11E108A2841672723EF9114918EE7F89939D49E1655CDCA616FAC02479A9D575"}
  provided: {"digest":"0281542E69BD556D0715F44FD1A421DE374375CF5CE4D4DC7103C16875FBCB36"}
  reason: "Digests do not match"
[VS 3349669] tcId 91: failed
  expected: {"digest":"5B6696D9B5017544E984B829B4453A828A3E2693AA500EBE2005BB58FB178731"}
  provided: {"digest":"4701B1033D4E957848ADC1CC7AF6E8DCB99C3B01EE4F8717928D411058D05107"}
  reason: "Digests do not match"
[VS 3349669] tcId 92: failed
  expected: {"digest":"6F13F3EDBBDD1F83EAFDD27C400C72CD7E03B57B15C60FB313ECE3DD0777DEBC"}
  provided: {"digest":"F42FB37CDCC17AE596E0AE5BEB50FAE24236D7E5FCC00386A6B469264A4993AA"}
  reason: "Digests do not match"
[VS 3349669] tcId 93: failed
  expected: {"digest":"504FEFB99AB44F70F5B308185A6EF40F9CE1DA73F565471AB3E0A21DF175EDFF"}
  provided: {"digest":"623E9624C4CE68BC0E6CCB33C3702DAE4246E4C70252D0DBE72FA7E607B1C572"}
  reason: "Digests do not match"
[VS 3349669] tcId 95: failed
  expected: {"digest":"DB987F4E081B782F05C08A1752A5698BAC87BED03FAA8AA5FAD407DB0851B28A"}
  provided: {"digest":"19670EBDEC32996D0BDF83DD3E778F1D41E0A1F5163A13500B297405320BB5A7"}
  reason: "Digests do not match"
[VS 3349669] tcId 96: failed
  expected: {"digest":"E795440D3B32C32775D72EDFEC3D1DC0AB1C10D4FA9D5DB396C6A8669067B442"}
  provided: {"digest":"823286EBB1E5016D1F2E0730E214B7EDEC6A86131047B5E1F52E6559D6449EC9"}
  reason: "Digests do not match"
[VS 3349669] tcId 97: failed
  expected: {"digest":"C1F2C0DFCD695899EC56302B291A7F4428BC35DAF43C76619A3F79023CDB31C6"}
  provided: {"digest":"5B5228B786B383FA248E609F83ED24020BAC4C3852CAF18BD734B60D499B2196"}
  reason: "Digests do not match"
[VS 3349669] tcId 98: failed
  expected: {"digest":"85CF4D0F8D1F8C89B9C684D2782055738D9260306A7111EDCE74E6E1EBB5A232"}
  provided: {"digest":"7AD4ED039F3EE211040ABEFAC182CCBCA379A21BF5765D319DFBAB2A3654A8DE"}
  reason: "Digests do not match"
[VS 3349669] tcId 99: failed
  expected: {"digest":"DBB564DFD3CDFABDADA9FF7C95C52323ABCCEFC1BA88DDB52B3CC6C1C137DB2A"}
  provided: {"digest":"7F2A7A061D5C20D68359BEBF1E6624DD6B1DA8EA1D4DC02002F0AF5C32849B74"}
  reason: "Digests do not match"
[VS 3349669] tcId 100: failed
  expected: {"digest":"3EED7DAB8C1E53B832A7DF42AC8F475F4CBA53D8BBBA162158FE253F767DAF32"}
  provided: {"digest":"C52D14220D9108FC6AB451AA472917D256C2CEF71002742A2024D66BD29A21F6"}
  reason: "Digests do not match"
[VS 3349669] tcId 102: failed
  expected: {"digest":"0E5FE4BE00B4C99C3CFDE7884555BA78CB4CE66A88B55FCB9AA86F720667F60C"}
  provided: {"digest":"E77CB465A4095484373E8FEB230DFA6FDF1DFEAE8A22A86CA32F7F1BA4B87819"}
  reason: "Digests do not match"
[VS 3349669] tcId 103: failed
  expected: {"digest":"795F819B760532C03AE1FB360CD0ED35C0D37E24604FB2899256E8248E48B2BB"}
  provided: {"digest":"BDA0EC0C00D1404380C46E58B2C5B61B292C416ADECBF7ED3A4C6EB63F6A1A1A"}
  reason: "Digests do not match"
[VS 3349669] tcId 104: failed
  expected: {"digest":"DE98DF7FBBBD6A58E290C7EFE6EA1DD4C6D21EE324A808AD9E5D303D8732C414"}
  provided: {"digest":"BD2D536F722A6523E2937CB150938136B0007C0897AE2A259B3E7F5207466624"}
  reason: "Digests do not match"
[VS 3349669] tcId 105: failed
  expected: {"digest":"0CF89EAED9CF51657B3D0882846264659D1C2252E53C1190CA7A92ABBD0F6677"}
  provided: {"digest":"09ABA9B4E2ABA5E755701631DAB167C9D10300AE6013DDC76109BB4E911E75FC"}
  reason: "Digests do not match"
[VS 3349669] tcId 106: failed
  expected: {"digest":"290F0CCB0278692D848DAACF721B8444962832F12ACB01E8B94203F5426441E8"}
  provided: {"digest":"360EB8D560B78063E0D90401A5F51DE13159D58717BA228878D5DC58E3F42FEE"}
  reason: "Digests do not match"
[VS 3349669] tcId 107: failed
  expected: {"digest":"6CFE96A442E91DE145F9C2F8CD42FD8A7A8481D43BF418AE74C7E4288A6828C7"}
  provided: {"digest":"4CA1B4A612EB73DA521F63DACD1C1558E807976A08BC9590B9FAFF44288410FD"}
  reason: "Digests do not match"
[VS 3349669] tcId 108: failed
  expected: {"digest":"3A31F841C28CF716635EDEE9979A4B75667418639ED5AB054A4F265FD62CB89A"}
  provided: {"digest":"4A3CAF6B8CE4CA52BF9123EB8BFBC567E9B7679584BAE4A9F87B2B8D86D0DC83"}
  reason: "Digests do not match"
[VS 3349669] tcId 109: failed
  expected: {"digest":"787C16A5248B4574973E8355AC54847939628A7B0D094102671363A05F91CBA9"}
  provided: {"digest":"2E38BD571DF8CABBF60CB1687DA432E95F6C654E4E210BB9ED9BD9862FE5B877"}
  reason: "Digests do not match"
[VS 3349669] tcId 110: failed
  expected: {"digest":"C68534B0DED7CF1DC49BDFFCFF5D1EB3B6ECB1FC90544A07818144F9E44CA17E"}
  provided: {"digest":"13ACBDC450AE450CB1A4F399527164FD75139F98BB3ED83C56F2C4132215E896"}
  reason: "Digests do not match"
[VS 3349669] tcId 112: failed
  expected: {"digest":"384AD8431386A71AE70E04734452C3F16E6839E4DE257925C0E55964C330EB8C"}
  provided: {"digest":"D79B2911E1FEB36DB1EA878DDE03D6F00AEB88D60FA28BE222290689B6414BE8"}
  reason: "Digests do not match"
[VS 3349669] tcId 113: failed
  expected: {"digest":"58E0640267CD243BBCEF7432308FD54EF91D2FAF1677502ED6C6E11E4B141CE4"}
  provided: {"digest":"3FCF6B64AEEFDC3F4780B8788274A32EA04847729A76FE6047BF1A85AA80709A"}
  reason: "Digests do not match"
[VS 3349669] tcId 114: failed
  expected: {"digest":"C5A4A35A3A40B839DF424E9D778189268D979D9471A628A0D2F8C7A2A4EAEF2E"}
  provided: {"digest":"138A0D50FC46AA346CBF86F0E1BDA5243842424F562701B6A7153852A2F02C7B"}
  reason: "Digests do not match"
[VS 3349669] tcId 115: failed
  expected: {"digest":"318D3F459A14A3FDD52F501C5E73E7B79A3DD67644DC9ED4CF6CE920FB046EF9"}
  provided: {"digest":"EE29F91569AA60657F9884A6B58CAC2CC9582502291FA15D76BFF28DD9190B02"}
  reason: "Digests do not match"
[VS 3349669] tcId 116: failed
  expected: {"digest":"D939C3FEFD488BD5DED4F60A67F6CE4DC5BE4D29FD0332501038B3AABA35B57A"}
  provided: {"digest":"1C25FCB3C51ABE0C06A51877380711F3ECE7304DA770871FDF1E992ECBF7E26D"}
  reason: "Digests do not match"
[VS 3349669] tcId 117: failed
  expected: {"digest":"D3CDB89C8C0A51F9A8D75B5B507E698FE0C92997EDDEC2BBAE7305338E41AAE9"}
  provided: {"digest":"FF4619350908F4C45DC71AB0170F4AD7BDC3DEC611B37C854962F9BD6AAA1394"}
  reason: "Digests do not match"
[VS 3349669] tcId 118: failed
  expected: {"digest":"9A6EB6CAD1C1017A060C4CC9D1BE5C9404397E4D05C8E6C91F6347DB8591C1A9"}
  provided: {"digest":"74E1ADE320C66075468E17CFAB33F41E8E0EACA45EDB6DD7B086C49A358D2A69"}
  reason: "Digests do not match"
[VS 3349669] tcId 119: failed
  expected: {"digest":"8341E700FCB2EA8AE6DFD7959DF7E8B45699AD14CFF8D924CC3EC900E7D33824"}
  provided: {"digest":"6E4A5BAC937F8EAC456512E9DF192FD57457249C8FF50EBD9DEDC38CE6AD6E48"}
  reason: "Digests do not match"
[VS 3349669] tcId 120: failed
  expected: {"digest":"624DE9848C6A4BD2AAEC97384AC7C095BACC55A29686A158E2E2F0B7B0639492"}
  provided: {"digest":"204467CE42A1B40CAF3F78E90C193AB963E907BAE313F82C445A7F020D79E7FE"}
  reason: "Digests do not match"
[VS 3349669] tcId 121: failed
  expected: {"digest":"DC4C8C3D25628A20B4F3B362EF17FDC6D10B4B872AE4C4AF2FD289F93FE58564"}
  provided: {"digest":"8213D3C6566ED836D347082CB208C1C86BFE7465C781DB133920E7649F6462CB"}
  reason: "Digests do not match"
[VS 3349669] tcId 122: failed
  expected: {"digest":"B60DBC1F66F1888D7D8272D1CA7CF7C48E5A01DCE8C31543CCAB41B516898861"}
  provided: {"digest":"075268ECECE74C1CACFE63A693AA4A045661D3A1064887AFCA2FC6B1B2702DC1"}
  reason: "Digests do not match"
[VS 3349669] tcId 123: failed
  expected: {"digest":"ABAACCB0F2301D5146C57493F589E01F3E3C14BE580251CEA6672E9A0D410400"}
  provided: {"digest":"E1019DC20A50C8D615992E71AB62F1422FAC442B01F55D3ED4A772B0372620F0"}
  reason: "Digests do not match"
[VS 3349669] tcId 124: failed
  expected: {"digest":"7628BBA19187D234CF68A353834B8A4A59598D1EF08A47BBFEA3C1BDB6A13FEC"}
  provided: {"digest":"7BA3C341A9801B855725F2355A15ED52290AF5B01B4CD156077EFF843B46F2AF"}
  reason: "Digests do not match"
[VS 3349669] tcId 125: failed
  expected: {"digest":"DE28E29FC71BA799457DB17EF700FDF1A4DEBC01FE84303D45583BB556117CB8"}
  provided: {"digest":"3CA74727F793561269AAEC3A65A0A67BE5CCB0F9692C741AECAFE374AA699761"}
  reason: "Digests do not match"
[VS 3349669] tcId 126: failed
  expected: {"digest":"6FA31BF6B45186CCB8DBC8CADE59D0A635A8586EAECF434FCAF7705496EEE690"}
  provided: {"digest":"CBCE58A9EDD4FDC8DBA1F44EF90475D20476F90ACFF4C26B28FB23517E928EAC"}
  reason: "Digests do not match"
[VS 3349669] tcId 128: failed
  expected: {"digest":"DB8E6841725006858518AAA6CCA162A31ADFDBE4210F52A02B4CABDC41769BEB"}
  provided: {"digest":"A57C5835CBC6CCB4A045A92002C15D8622ABEF4D68B6515BFD52919F931300C3"}
  reason: "Digests do not match"
[VS 3349669] tcId 129: failed
  expected: {"digest":"8E57A90E30EC11C361FD1D06E30275931E414BEE495ED34C96454E8950F699F3"}
  provided: {"digest":"0D62DE6A77A211A00A567A7C4D0F62C34D48201E92850D09B6506F2DA7FFABEF"}
  reason: "Digests do not match"
[VS 3349669] tcId 130: failed
  expected: {"digest":"DA50C9EA463CBACC3A5CC88965C442C9A09D3A851B2471FA2626AB0029817355"}
  provided: {"digest":"F2E005B4319EB4E1D554B5B6DA7CEA923C4D28B8927FE1224DE91103D4F42F4D"}
  reason: "Digests do not match"
[VS 3349669] tcId 131: failed
  expected: {"digest":"7C0BD7FF46131C5D5F291E2A1635D94DB4213F85FB87137472AA7B0EB47D6103"}
  provided: {"digest":"0D7B23146971D8B6B885E8CB5FFC644208DCFD64A2FE0A9388641BC4AEB9F4B1"}
  reason: "Digests do not match"
[VS 3349669] tcId 132: failed
  expected: {"digest":"98227C80BB8BC2A01D5F498C6CD68ACB072288DEF44023C475B24014622DB00A"}
  provided: {"digest":"AF42DC42303C5CF33FC7CD1069CA04664EB89E51E18418250770C92C05E8644E"}
  reason: "Digests do not match"
[VS 3349669] tcId 134: failed
  expected: {"digest":"1D0AD58F66E485468A42FCB88BD5BBB0C9BBB17BA56C61E726C60952F10E0750"}
  provided: {"digest":"1D6C03FF60C93944BA9E03B58CCEA6037BB3A892DA996E864B3EF02C968B54BD"}
  reason: "Digests do not match"
[VS 3349669] tcId 135: failed
  expected: {"digest":"B33ADEB15F1931A441E293AF0EA5CA07910D0CCDAA3B79C719539844AD2C42D3"}
  provided: {"digest":"D7CCB2E27418E11027A544BCFE5EEA77C9264B02661BD0E0C3919CAB93137ECB"}
  reason: "Digests do not match"
[VS 3349669] tcId 137: failed
  expected: {"digest":"50A30A1BFF383B6CF42036611DABA703BB8E1F265961BFFBBCD6F2EF9B5E886D"}
  provided: {"digest":"F36C34F703707921BCBF51CFD81F28BE1B40B9E002E69CFF155839339144C09C"}
  reason: "Digests do not match"
[VS 3349669] tcId 138: failed
  expected: {"digest":"E0C025AE5375C6BF9AFE0262B7AEA72B9705E5217B2C4D2D3501E1388A988797"}
  provided: {"digest":"A083E808AD5EF9C55DCD99E640565E304D9A09F751C2BB5BE7A573266A51F2CF"}
  reason: "Digests do not match"
[VS 3349669] tcId 139: failed
  expected: {"digest":"25E4C4048D9310BC46EBB955E320156975AE5C5D10582E4CE88279769CF25C35"}
  provided: {"digest":"ECA362BCE08F77E33AB779D9E1A8FA5BF045C929C43EA59693C764CCBC53CE01"}
  reason: "Digests do not match"
[VS 3349669] tcId 140: failed
  expected: {"digest":"442FC687AED95E31E773AD55694AE1F3E23FB7DF37A0B0573EEF19A9DF6D8554"}
  provided: {"digest":"1DD2B84DA91BBDB43C980ECE23767EDA1CBA5E85CA1575A2FBF22B991AEE510D"}
  reason: "Digests do not match"
[VS 3349669] tcId 141: failed
  expected: {"digest":"3B25FBD0E32270CA79D9D9CD69DE73356E936153D3BD80157FBB41BD715B59F2"}
  provided: {"digest":"AF25CE750B4AEBA7852FD5B73D7A198B6A42564E3728978FE7AAC7889EB49920"}
  reason: "Digests do not match"
[VS 3349669] tcId 142: failed
  expected: {"digest":"719DD5D503DD0ACEC87CC0FE4942F225ECDF6750CA5C19D146526BBAA4BD7095"}
  provided: {"digest":"95126EE23F63783C32121F0A1157342035F45F3DE3CA6F296655E8654EA6148B"}
  reason: "Digests do not match"
[VS 3349669] tcId 143: failed
  expected: {"digest":"24D7EC281B29060416B3CAA9656A81E5E419E21FCF7429BBE4140EDCF787E119"}
  provided: {"digest":"E693FBE7433CD003DD0977F220AED15C35F42B91AAF7EC52B2077DCD2E31927D"}
  reason: "Digests do not match"
[VS 3349669] tcId 144: failed
  expected: {"digest":"CB596F586C92A27F5FC42C08C165EB0535C87D0BE175F8E59C40D2730FF8EBDD"}
  provided: {"digest":"921ACE59935516C77B9D69B9EBB46D2B7EFDF728A2B9C20DDD238ABE7D1B1699"}
  reason: "Digests do not match"
[VS 3349669] tcId 145: failed
  expected: {"digest":"87EF062E15016C9F1981EF22B7703909C520D5263B857DFC0DBDC93CFAF5D807"}
  provided: {"digest":"D0317555E9E49CA0748D5B9D6034A6A92B22B7FF6ED50CF4814B008BE979D9B5"}
  reason: "Digests do not match"
[VS 3349669] tcId 146: failed
  expected: {"digest":"487D95F02CBECBB2F870BB61E57AA9CE7B1879DF0AD7BF1CDC2E0567287302FF"}
  provided: {"digest":"08E0EEAC38D1E2417ACF388B17EECC8CC43E0472AD21CDEEDCEF8A5FFD911D82"}
  reason: "Digests do not match"
[VS 3349669] tcId 147: failed
  expected: {"digest":"A6EAFEE4CC04D31953A5DE83E042BD8CC7294A0307ED7299AD13AA92C09DC6EE"}
  provided: {"digest":"26285770FFD74F589304A53F7B73DA9317A3222E95A2AE1EDE08DDEE5229D2D5"}
  reason: "Digests do not match"
[VS 3349669] tcId 148: failed
  expected: {"digest":"4149F0E3E0A3AA5697ABB82E4208CEA652DBD60248CEEE8BABD93D14FD24C131"}
  provided: {"digest":"36AC11A67FD8612964D12E72C2E82812B5BBB159FAAB87E5783F9E464E5B93D0"}
  reason: "Digests do not match"
[VS 3349669] tcId 149: failed
  expected: {"digest":"C510411FD444604451DA79B5D381573B4E939FEBDE10F2F16E24559CA8918FF4"}
  provided: {"digest":"AF15859B55272DC1916BA489FDA4FFEDC1F171127814ABFD67C75FCC007BBE58"}
  reason: "Digests do not match"
[VS 3349669] tcId 150: failed
  expected: {"digest":"E657294E851B79B85B2B9B1558F581196C4218FF90577F352431979BF1DA2356"}
  provided: {"digest":"A6FC7828FF0006FBCB0D9972D16CDD332EAEB730AAF2106446D41483984D3418"}
  reason: "Digests do not match"
[VS 3349669] tcId 151: failed
  expected: {"digest":"4F4233B50D8E8F36AD1FC42D34E2669C8FF665336BCE0E49DC3A9028C655C0C7"}
  provided: {"digest":"18461739C87A7ECD9241361E9B59B37FA306E99A423DD65619D710F89676DDC3"}
  reason: "Digests do not match"
[VS 3349669] tcId 153: failed
  expected: {"digest":"53CA0C31D00DFCE6E35C869F843069A25277A75769E175BDBA0F9B8A157AFCC2"}
  provided: {"digest":"F5069F03C8A8DCD338420F1C2E2770E8D05173942055E5F5C4C020653D4862ED"}
  reason: "Digests do not match"
[VS 3349669] tcId 154: failed
  expected: {"digest":"11D95D48EB92BFA37437721D19DFE4F786C60683BA81F0D81381C683E476D041"}
  provided: {"digest":"C89020E50658760AB7E8DC92AF6DAB9AB7EC3D14375524DDB5BAE6625C1C195D"}
  reason: "Digests do not match"
[VS 3349669] tcId 155: failed
  expected: {"digest":"8AD8825C8108D4EBB657285D64C43EB517A1625EED58C8060BEA98E0691D8996"}
  provided: {"digest":"8D10D4A6CE6178660D7965ADE8049E0F8C4ED272CE2AA024A903298866A1CEB9"}
  reason: "Digests do not match"
[VS 3349669] tcId 156: failed
  expected: {"digest":"E2873829FA260FFCF2290805083418BFEA181F851E0CC0DC1FFE7BEBECE3B82A"}
  provided: {"digest":"D71B053546642DD5AFDDF9075326AA0818A2A7C09056D7B8211F68B99224C7F3"}
  reason: "Digests do not match"
[VS 3349669] tcId 158: failed
  expected: {"digest":"B9B5F7AA11EA53A4A58D3FFC4282432949AB547C0D8399AAC3EAFC6E5201540B"}
  provided: {"digest":"5365110D0C046FA4938BDCFB94600E7EA4355373A10A6EB20E1D2C672E6AF9F0"}
  reason: "Digests do not match"
[VS 3349669] tcId 159: failed
  expected: {"digest":"D4A4B181E949D850FC34E27086C3B747AB2B3488C634FF95A944E148206B4FEE"}
  provided: {"digest":"10585E7ADFF3265B4626709681AEA6BAABCC0F5EA8D44951E5B172A5F22EAF58"}
  reason: "Digests do not match"
[VS 3349669] tcId 161: failed
  expected: {"digest":"A87844006F8D6ECA8F29E105178A1B5F55042DD8F4560BD2D77F937B5ED8A84E"}
  provided: {"digest":"FCFC3DA18936E9CF51A0EEA6D315402B5ED44AAFD8C0E00FE588835394E85294"}
  reason: "Digests do not match"
[VS 3349669] tcId 162: failed
  expected: {"digest":"8F2B3ED09EE1A711742DB74EBCFF94AE435E1770A465912FE2F0BD5978195BE4"}
  provided: {"digest":"736AC1D0DA66E70A1A84CACC877425FEB7AA3C84BA2E643E96A96F4E136DC595"}
  reason: "Digests do not match"
[VS 3349669] tcId 163: failed
  expected: {"digest":"7EF8C54D49FEEE7A1A3B84933A7168C3D0760B512709816C2D881182E6D1C8CA"}
  provided: {"digest":"BD5B5F63CE571E0FA5825766FA8BBB176B1C26346C2C2338BDF887E79542A47C"}
  reason: "Digests do not match"
[VS 3349669] tcId 164: failed
  expected: {"digest":"F21FA0E78FE80568956A4AEEE007CD3B4ED49146B8ED7411A2AF01417B879825"}
  provided: {"digest":"6721E7AB492A9607D2FFA91816B777A6B558403AA8CF3C664F98F686FC9FC0C0"}
  reason: "Digests do not match"
[VS 3349669] tcId 165: failed
  expected: {"digest":"4FE12BFF1B25DD5F6CBEE7D300AA14DD2C832CE35B2B4F6BB90F7E0556DB0574"}
  provided: {"digest":"4771AE7E3A16641D731BEF0735F6103F747545054D4A15E0065B4DCD721AC13E"}
  reason: "Digests do not match"
[VS 3349669] tcId 166: failed
  expected: {"digest":"99315E526FF0FCD96E57B2860A1A82AE50CCE5497CF039D52623B5DBE3F2452C"}
  provided: {"digest":"1376B8FB5058302A924F6362A9A2EE3D571729FC12D36941655FAC25B61F00D6"}
  reason: "Digests do not match"
[VS 3349669] tcId 167: failed
  expected: {"digest":"276D61A7E27B0BC22967B07B3EF976B2CF714FB906F76C5231D8AC691B3803CE"}
  provided: {"digest":"1DB69B6B5C900D068FFEF71BA740B8F2E53B8FC13E09D33496189FF367D88375"}
  reason: "Digests do not match"
[VS 3349669] tcId 168: failed
  expected: {"digest":"BED73AA3E820FEDEA160397293079175697EC56BBC1922496D74643064ADA13C"}
  provided: {"digest":"B48151CCBD439BE28E18F88A77C3CA0D4B19D83B9B854644091A85915790B21D"}
  reason: "Digests do not match"
[VS 3349669] tcId 169: failed
  expected: {"digest":"4F1B0DB87BD263F57F36C3BCB68E6F2EF8568B0A2D5D076C35DC562761C561E4"}
  provided: {"digest":"88D67CF9138689E04873F0D9C3B3293C8B7D5DC4C06DFC12E8661024477D6775"}
  reason: "Digests do not match"
[VS 3349669] tcId 170: failed
  expected: {"digest":"82936180F8155B562CA57C53FB3854A6C5EFE0BC8BF8AD79CC500811DB1653F7"}
  provided: {"digest":"46E04D129D7B45D054469CE34E24069A1426B3E34F1B68A3D1BFF1E070AEE192"}
  reason: "Digests do not match"
[VS 3349669] tcId 171: failed
  expected: {"digest":"9F77D9033CDCB030B616383F6BF50147BD0CB76690F1D379C1E7DD77698ACE15"}
  provided: {"digest":"851EE705F9323B7B505A3D1A337350B1A6B0441813D9F83E233FD5D0E15816E1"}
  reason: "Digests do not match"
[VS 3349669] tcId 172: failed
  expected: {"digest":"49D0BB93FB0C038AA7555C6F9E5C424099D3A73FE9679D2AFD38BA3E158FCF5A"}
  provided: {"digest":"7C472F7DE6FA23AC40DD45B41D108B553048EDFCBD8CD8475C3840E316C2C70C"}
  reason: "Digests do not match"
[VS 3349669] tcId 173: failed
  expected: {"digest":"108D1E2792B748EF5A51868CE7EA35E14DD25B5502611DAAAD26A0257992766B"}
  provided: {"digest":"8404BA7B54E3FB2DEDDDC0B5063E390605E09101A88AA8E08BCFBAD43536A6CF"}
  reason: "Digests do not match"
[VS 3349669] tcId 174: failed
  expected: {"digest":"ED301F4E630475C44D4209DA6E9F60475CEDC9512635472CBE29A8DB7323C963"}
  provided: {"digest":"EC4293627D4F610B311ED92C15E2382DF72CCD2BD213E131FBA4B321BB249B2E"}
  reason: "Digests do not match"
[VS 3349669] tcId 175: failed
  expected: {"digest":"3DACAFDE10ACF92C46CD60B7EF7363BA48D08511A323137AF638E6E2328451D2"}
  provided: {"digest":"1FDBE3707F85113F628449F398C62CEAFD8AFE07BF95109D0B6CA0A7B7C40B25"}
  reason: "Digests do not match"
[VS 3349669] tcId 176: failed
  expected: {"digest":"079C22067E808C32D1CC9FEE4B820B969C2A792A3DA62B89CFC21B5612B6C905"}
  provided: {"digest":"285408603E23B0D4F570C0D20CB0F984B7D26DF5C9C18516506963255D3EFD2E"}
  reason: "Digests do not match"
[VS 3349669] tcId 177: failed
  expected: {"digest":"55A95E53F9F3A58329432C5E8F40349F90E7E94C78340775C8D9718CA97AD2BD"}
  provided: {"digest":"CA5782FA0AB584762AA0B184C1248AF38B399C8D5C9A61AD83A1A18FF9D37530"}
  reason: "Digests do not match"
[VS 3349669] tcId 178: failed
  expected: {"digest":"8CC879671C475567F74A59D962AB353FE0C5AA9C01D91889E31C6C2DBC91EE8A"}
  provided: {"digest":"D39AA77B54AA7F1A34DCD3A7AD93BE68CCA5ED1CCCE07F47CFD6A8AC194482D1"}
  reason: "Digests do not match"
[VS 3349669] tcId 179: failed
  expected: {"digest":"5A99A99140B0CC0C0A53C92B61D700CA50B572F3C0A0065C6AEE3BB7141D1F68"}
  provided: {"digest":"C79B9462BC29E2A9E27BF08FE754DD73F63535430DDDBECAFA342CCE12D5687D"}
  reason: "Digests do not match"
[VS 3349669] tcId 181: failed
  expected: {"digest":"2012A6E4337023EECE2F4B33C4266668E37D13A6BD898D194577B3B5139EB4A7"}
  provided: {"digest":"332EBC488545DC83780FB2EDED9126351D0109EAD9B4ABA366F6B573209CBD02"}
  reason: "Digests do not match"
[VS 3349669] tcId 182: failed
  expected: {"digest":"AB5FBE4DF75FB5E866045CB65900B27BF950B638177C15DDB21191E744823733"}
  provided: {"digest":"7A5CF4C1384C5E9A9D597D97CB96FB6999710705621AC1C85C99B2165DE0C219"}
  reason: "Digests do not match"
[VS 3349669] tcId 183: failed
  expected: {"digest":"A2719149A0C2B58C30CEE2F015D87AEDDFB4B9976B04B554F1F8D181D1A16E35"}
  provided: {"digest":"1B508A9807241546E67851FFDA87074B91AA23AFF6D162E067732726FD9C37B3"}
  reason: "Digests do not match"
[VS 3349669] tcId 184: failed
  expected: {"digest":"87CB2AEDD119EDC7B31980C79E4601A073D9BC903492219DE410583358CFE90E"}
  provided: {"digest":"0C8C4F9D95BF81293CB86AB50E41C63D427790349BBD7BFD3657E6E9FB079E5F"}
  reason: "Digests do not match"
[VS 3349669] tcId 185: failed
  expected: {"digest":"38FECCB7DDC89D444C3481CB311A309BD6A3892297BBF25EB1DFCAE5A988E07E"}
  provided: {"digest":"2B9ED5FD722A5BEBCC4740E12FAE91A2E3E1647EAE0CC933DE651AEF1ED7E363"}
  reason: "Digests do not match"
[VS 3349669] tcId 186: failed
  expected: {"digest":"E71BE9879A767088E40D33923A5FCD294F788EF58E1C489947601179E45DAF85"}
  provided: {"digest":"75BA92537C9724DBE62A9E92117BA3371E76CECA5044C124157CF567E53371D7"}
  reason: "Digests do not match"
[VS 3349669] tcId 187: failed
  expected: {"digest":"1E961892E27C157FE39A60D2DCC178408251080BEBCEA15CCC8A7C8170583175"}
  provided: {"digest":"0705EA26A755383E10F2CA02734D7CB060CF9DE0F2A71F0BCED9554DC17D3156"}
  reason: "Digests do not match"
[VS 3349669] tcId 188: failed
  expected: {"digest":"ADF8A3BF1516307C387866F77013775D421CB379A2703D2E633EEBAB433B8233"}
  provided: {"digest":"C3641F8544D7C02F3580B07C0F9887F0C6A27FF5AB1D4A3E29CAF197CFC299AE"}
  reason: "Digests do not match"
[VS 3349669] tcId 189: failed
  expected: {"digest":"13BB0629A1A5690186322E59F4CE018847A4A065C3CBCDC3B2D6F94F7CEE4CC0"}
  provided: {"digest":"3D671B8A07B54C1AA1B312FF104DABD3E43B77267D419337BD6291ADD52A00D2"}
  reason: "Digests do not match"
[VS 3349669] tcId 190: failed
  expected: {"digest":"F76AB4C374460E766D1435D2A178BB9542D76B553BB0B1C7C7BAC2EF22FB9C31"}
  provided: {"digest":"44A3B16B4C88B5B8711E1531CBF47A66B257BECF97B5ED253F0D97EFA0FA3154"}
  reason: "Digests do not match"
[VS 3349669] tcId 191: failed
  expected: {"digest":"C45FD2349DC75CD87CE9C3661EEEE724A54FC7E18A3409A1A3220A0600942AB4"}
  provided: {"digest":"742CAD3472A5ED5D7DA1307E9C56DD8EBF33A1A57C03779C79F7DA8406C33D12"}
  reason: "Digests do not match"
[VS 3349669] tcId 192: failed
  expected: {"digest":"29F44477FEDA4E82B88C8627A6564903309B3B6B12E6EE60A29C848031DC8D25"}
  provided: {"digest":"A0E49E8B43F00F41BC00C35ADBF0526CDAD760908AB258A37D4BC8340E63C59C"}
  reason: "Digests do not match"
[VS 3349669] tcId 193: failed
  expected: {"digest":"769F975AE472DB2C3E17332C2DFE4DDE8CB6D947ECA0306D4F19F873602A1857"}
  provided: {"digest":"CC3069BD9C19D51D912014A872612A5E1E18C02B8B5011F98A6DAA3602248E7C"}
  reason: "Digests do not match"
[VS 3349669] tcId 194: failed
  expected: {"digest":"F313A9A8B3F4E785648D300A12AABED5DB152AF0F1442ACAB41D6038510754BF"}
  provided: {"digest":"1158372F8EDE2FEC29365FBED882634E4ED7FEB1049DBF8CFD4D467AA5B1BF5D"}
  reason: "Digests do not match"
[VS 3349669] tcId 197: failed
  expected: {"digest":"AA9C59191077ADDF955D5445DC0A703BFBE937F9C7E073FFB1F4B51BC1409BB1"}
  provided: {"digest":"195D8C968D8C90891DEBF4D89FBD9BF3A25C84EEF6863A4992998CDCBF6B22B7"}
  reason: "Digests do not match"
[VS 3349669] tcId 198: failed
  expected: {"digest":"A032ADFD653585D5AB2721C251DC1606851E1E8C605BF104D5848BB291AD42FF"}
  provided: {"digest":"26E82C5259E924A327E071AD20CED51B406AC671639FF6E4797257D453261E9E"}
  reason: "Digests do not match"
[VS 3349669] tcId 199: failed
  expected: {"digest":"E6F7D434557E26CD52F5F4F0A56F6C61758B2F0139022E933331604BD707780C"}
  provided: {"digest":"F454CAB5FA14546BA4C6C9361C8A97179E9CF7EAC6C3DAEB94CB45F7A542C62A"}
  reason: "Digests do not match"
[VS 3349669] tcId 200: failed
  expected: {"digest":"8F3A2496C1B63A993C9E974268E26F0DAED4107FCE39EF6291435CD5CCB22176"}
  provided: {"digest":"2ED65F399D3D69307AD62CBBD18FF1DAF4A93E5F37DB98B867A8693726070F85"}
  reason: "Digests do not match"
[VS 3349669] tcId 201: failed
  expected: {"digest":"7BEADD9FF209B4C04C55BE16E6EACDF7FADF87AF0A65CB725E08E1FDB1EFF077"}
  provided: {"digest":"D64FEECCE65F0A8D42D52C57FBF98BF56FEC78434D02680C3381DA04CCF4BB35"}
  reason: "Digests do not match"
[VS 3349669] tcId 202: failed
  expected: {"digest":"FCFDF5E1A41A53911010F3D0DBEAE29D79086BA058DE93BE18E1AB3907482EBC"}
  provided: {"digest":"CFB2FB3AE7916E9B097E1B00C7C4188F17238469CADEAE2B59122CCA2E51CB15"}
  reason: "Digests do not match"
[VS 3349669] tcId 203: failed
  expected: {"digest":"49DC99FFED9CB2E3DA996DF6B1ECB80817740575E154AF176F9A3BFFF5646ADC"}
  provided: {"digest":"C006C9141ED98BF10B807F9DD3D69A532B279B8A0305CF3362778949B948E38B"}
  reason: "Digests do not match"
[VS 3349669] tcId 204: failed
  expected: {"digest":"CB7D0AADF31FBFAF5DF02FA6B1EA06E76F07C169088E80C4F3952633E4215036"}
  provided: {"digest":"ED0E39AF2E515F1FD6B48F17832F7B083739704D93ADE848C10B027FC735B963"}
  reason: "Digests do not match"
[VS 3349669] tcId 205: failed
  expected: {"digest":"56DEA153629174DDF5FE20EAE4D3BCCAFFFAAE6ABCE6FA879E836D3CFB86606C"}
  provided: {"digest":"C1224E179C47CD2CCB9BC267A741631802561DF61FEBD50F69E21CB9D7DC1CA9"}
  reason: "Digests do not match"
[VS 3349669] tcId 206: failed
  expected: {"digest":"4220F44A2144738BD4B7A5C55D0E545583B235C037D67BF0B0F2A9B481F46CB8"}
  provided: {"digest":"39D89B77137607280ECA0191A6C421B68C1C2CEB10793151A3FA3723CAF36AA8"}
  reason: "Digests do not match"
[VS 3349669] tcId 207: failed
  expected: {"digest":"F8024EAA47668F7F534935AEC4C99A3EA9094E09026008F2B72A2B79670F251F"}
  provided: {"digest":"BA95FE4CB53340E746CEC07F8013002DC7B4E6992D8783F551C5452BE0B6831D"}
  reason: "Digests do not match"
[VS 3349669] tcId 208: failed
  expected: {"digest":"F804A105EF64926DB9DF5415A445B15484B8FCBC1EF6763FDD553DFBF24F0CAB"}
  provided: {"digest":"2A60C460DE2CF24136B76ABE70DD10A86B0603F06A87FE3E3419D744F25A750F"}
  reason: "Digests do not match"
[VS 3349669] tcId 209: failed
  expected: {"digest":"39AEC16219A9FD8ED3C1B62F083D5DB3FBF937CEEA66B520B7AA02C5A3869E59"}
  provided: {"digest":"41F6716C499CE786F83E96C000A8CE4D90CB7AF2E7308EA2B97FC88E04A83A71"}
  reason: "Digests do not match"
[VS 3349669] tcId 210: failed
  expected: {"digest":"4467DAB04CB978DA18F5BAA9E39A07057B58051C5237AAE732215D47CE116901"}
  provided: {"digest":"6A7593DB5A16B35B94B4D322F47181BA36B41EA5A35FB68491F0CC18E9D3C418"}
  reason: "Digests do not match"
[VS 3349669] tcId 211: failed
  expected: {"digest":"0B6B183846AAF15982CAD961BE5BEB781E17D7C9838D89DC8B396A32A1CC724F"}
  provided: {"digest":"A0EF44EA7AF6B51605B63C6D6728994516F1B1C736944BA0E3DD478FFF9F63E4"}
  reason: "Digests do not match"
[VS 3349669] tcId 212: failed
  expected: {"digest":"85D9136DC9C08876190CA1F60AF175A702195E8250D8E7199DF949A89E2006EB"}
  provided: {"digest":"A671C91D8A29DBBD5E7B8406625F29C45B659EDE8ABADAEA2DF81DB26B12165A"}
  reason: "Digests do not match"
[VS 3349669] tcId 213: failed
  expected: {"digest":"B84B877EB0AB99587140B2DF8304BD807B57171C3F11CEE8090DDB5A40597EC4"}
  provided: {"digest":"F80878CA345A9451D31AF31DE82B0A94556250E49078541B976D8092A617F082"}
  reason: "Digests do not match"
[VS 3349669] tcId 214: failed
  expected: {"digest":"AB5109239558D121F2DC4921A8D7098CC5416A7F80D0073A10903749AF9E6430"}
  provided: {"digest":"D1A36BA4869F3B63BA8D34953AD96CA6A194BD353A3561EC2B4194B56FECCE75"}
  reason: "Digests do not match"
[VS 3349669] tcId 215: failed
  expected: {"digest":"A77980C331A401F84119BE005C822875601B9CED489C12853DA5431E5FCCF814"}
  provided: {"digest":"AA13A537FC76AA2C2702740AFE61E95EEF891455F736BCA38EDFBCAC074CC2BB"}
  reason: "Digests do not match"
[VS 3349669] tcId 216: failed
  expected: {"digest":"9D521996C8E298F0E1358C03D58BE1947A3AFD62CE872E74FC9EB05C936F5D97"}
  provided: {"digest":"5C7650BB822532F7F18021B9387830A5AADA91C10E17F83E0E78FD463D0D3A02"}
  reason: "Digests do not match"
[VS 3349669] tcId 217: failed
  expected: {"digest":"B317CEEE1A981A28B42ACCF6FFBB1D718F2F361E5572A07E5AD90CF63BC62066"}
  provided: {"digest":"CE980663F1E536433467A1E44AA6D518F79BFCE7DF6E362B35A40623E67D22C5"}
  reason: "Digests do not match"
[VS 3349669] tcId 218: failed
  expected: {"digest":"EDA8F552D9835CB80BF6B489BC8D5323EB8D1082D23BE5738F472A3861EC6223"}
  provided: {"digest":"DDC20DCFBEF6C25D483525A33D7A88490BDC44FFF6FA0D955793CEB7F87E32A4"}
  reason: "Digests do not match"
[VS 3349669] tcId 222: failed
  expected: {"digest":"3870F95D1F8153267AA309C16345F4D07C20E7602157B105F40EDCC01E5350F1"}
  provided: {"digest":"D5498F3452AD9A98B8EB49BBBF3E62CD04541761D70FCE09B08D12BE610FF8B2"}
  reason: "Digests do not match"
[VS 3349669] tcId 223: failed
  expected: {"digest":"3C44BBEC80923D6BE91CE7E6D086EDC61F4AD1CE7A292D0ED61AAE7373C667F1"}
  provided: {"digest":"4795C9A707B063957065EEDD76D8BCFF69A83FD9FA5B6F6B15DF08A8F562A319"}
  reason: "Digests do not match"
[VS 3349669] tcId 224: failed
  expected: {"digest":"BC1BDFEC066F2AB3EF6DA57EE9408D18603D937C82DB86361C9B173A6CF347BD"}
  provided: {"digest":"EF1FEA7C38979516376C0CE8A1C596D71EA63268A766B29283D4829B67CDB185"}
  reason: "Digests do not match"
[VS 3349669] tcId 225: failed
  expected: {"digest":"1B091749D104F28B49E81841026EAD7039DAD83655B894909F69A4662040968B"}
  provided: {"digest":"BC271EFE1B1278E2EA19D81F9E3A437D341D6BAE3615CBAED27C337938BB33F1"}
  reason: "Digests do not match"
[VS 3349669] tcId 226: failed
  expected: {"digest":"7BD571B3887FC58C0EFE54858CD75FCCE93C25A4D06188BEE339D9075F68538F"}
  provided: {"digest":"89FA6332B7F7D70397859C9F80E528CA91FDC44001FDA052C18AC45F1C3951C6"}
  reason: "Digests do not match"
[VS 3349669] tcId 227: failed
  expected: {"digest":"77E15D72954BF3783563A15919A31AB4A20B00A09B1FBFC9F64DC71DCEAF945E"}
  provided: {"digest":"22A1867CFC91D5207D2BA92D6C7B136B6FA949A7407B2CD3F11C6AE442FCEF73"}
  reason: "Digests do not match"
[VS 3349669] tcId 228: failed
  expected: {"digest":"2B455D4FB2789079BD1EFC262C9F1C3A24E434F6F58CD5DBC1A5A8A5DDB9BBA1"}
  provided: {"digest":"F9E567B0E17DCC81C6E0730F6DBD55686BE203F5E89430CB0E772B0362A55BA6"}
  reason: "Digests do not match"
[VS 3349669] tcId 229: failed
  expected: {"digest":"C82E8EDA4AA1934E62B5ED54B88337AF78223C8E33A2AAFF1ECA3F3236D7C05C"}
  provided: {"digest":"24D09D511725E19A72BD79A43C1357430D3E200B8A70374052FF4902D0686C2A"}
  reason: "Digests do not match"
[VS 3349669] tcId 230: failed
  expected: {"digest":"399434291F7E791D7B2A8D654AA96DFB4F264150DCFE3F8F72A6946E6842E8C0"}
  provided: {"digest":"28E7D1B274713681C6C537ED6E8A26B49D017091871258DF2B7BCC9D03EC8D07"}
  reason: "Digests do not match"
[VS 3349669] tcId 231: failed
  expected: {"digest":"9961F0B9A23245CDA090E26B33399D9185F858F1D428022657956D4E497DD636"}
  provided: {"digest":"E4858895E5EF8CA72348CC3FD1BF42AE3CD5D9121258F2703DD2B6E5A6B4D4B0"}
  reason: "Digests do not match"
[VS 3349669] tcId 232: failed
  expected: {"digest":"0CBE3F7195AE5A331EBEBDF3FF166B4AFFF868B94FDA3FFBABE3E584D3E7AD96"}
  provided: {"digest":"D01C80422C1EE08907D737EC6C45C77821A107EB42BD10779D964E5543E30818"}
  reason: "Digests do not match"
[VS 3349669] tcId 233: failed
  expected: {"digest":"D641898DCB9B401C156B4A14A6B809C1CCFC155F2741D389F36CD662B57E4F82"}
  provided: {"digest":"A5EA532CCAFC8A67E78B9F05EDC42BF767AAFD6F03CE0EFADAF34E8A8C104AD3"}
  reason: "Digests do not match"
[VS 3349669] tcId 234: failed
  expected: {"digest":"7571E63B424CB69AA2E0DC3030B12E9826E6FC9A8E1CBD2B9E816C009FF27375"}
  provided: {"digest":"00863CF3F8DB1A1DDC1B7152791728807C0A06A41AF49C2F3FC1717AD2A351B6"}
  reason: "Digests do not match"
[VS 3349669] tcId 235: failed
  expected: {"digest":"B8585314BC8AECBC51956FE342F87BBEA77780216465FD4AE070042B3AADC32C"}
  provided: {"digest":"7424B6A7EBDCD39645591F3A6A511A145571CD96FB7CFFD0DB566A8DB4A4B62C"}
  reason: "Digests do not match"
[VS 3349669] tcId 236: failed
  expected: {"digest":"3CF767D89FD1E89458842A2BA65C93BE288367F78B297AF4D61BCCDD7C5FE432"}
  provided: {"digest":"9B41AC24EB4508544211F15A345C3AEF94FFC4AC4A1DF7688CA88B66967DB704"}
  reason: "Digests do not match"
[VS 3349669] tcId 237: failed
  expected: {"digest":"CCF3E3F94514951F91FB3E157EB662508A744658F1FCB7E42F835F52669C6947"}
  provided: {"digest":"B13A095B482E5DC378BF40CFE5B1E6C09345A4257B86A9B7C633C5DB0C26AB8B"}
  reason: "Digests do not match"
[VS 3349669] tcId 238: failed
  expected: {"digest":"38A0B1409FE58ED64EDEB2CF494CDB6E15EC09160E1367C55CB9E51CF6CDD2FA"}
  provided: {"digest":"BF296CC695406674082D20886EEA87A1B1584218E34F55DC485ACDFA5BF07779"}
  reason: "Digests do not match"
[VS 3349669] tcId 239: failed
  expected: {"digest":"0559E0AB9D35DC91324B8FA99CF9901B60EC2973E0A33132FB968E2231F607E3"}
  provided: {"digest":"94780564049D4D40E2726CF64B4CF078D1914A5A3256A2AF0FD04E42506477C9"}
  reason: "Digests do not match"
[VS 3349669] tcId 240: failed
  expected: {"digest":"BF7E3D16A16FE5EACD9FC09780550DBAC7FE7369C11BE92293B5BC49DF05818B"}
  provided: {"digest":"85F97E04D754C81DAC21F0CE857ADC81170D08C6CFEF7CF90EDBBABF39D9671A"}
  reason: "Digests do not match"
[VS 3349669] tcId 241: failed
  expected: {"digest":"31D6B7B81216ACE3F48408C0797EE543B2A21B6C05E6450D94F6ED2A96EF358E"}
  provided: {"digest":"381003231973E9D5B680004D70C0D684575A823E3F8DF3D5C4BE3ED577EDFA31"}
  reason: "Digests do not match"
[VS 3349669] tcId 242: failed
  expected: {"digest":"64AE9CB9FDB94F09870BAB7225142203622A642F374F99DF73F1532FB7836351"}
  provided: {"digest":"225A5CFA589015B4F8333BF2EC0DCD2D49BD036AA2389402CF769BAC2C4F0579"}
  reason: "Digests do not match"
[VS 3349669] tcId 243: failed
  expected: {"digest":"53679CEE9CF9EEA141746EF6A62261558064F5C639AB9923E66EC70AA993EF02"}
  provided: {"digest":"55AB1CB63E263282100AFA77898850778B48D1D71BA0833B2B382EF812381C33"}
  reason: "Digests do not match"
[VS 3349669] tcId 244: failed
  expected: {"digest":"8CB3E404FC1613FD0C13905F797191A1805E078978D3E59D1D69A7CA3463490F"}
  provided: {"digest":"0AD3F664497546B74E776E3AF850AD3AFF62891782A44B0CEB2D1D9CB87C7B11"}
  reason: "Digests do not match"
[VS 3349669] tcId 245: failed
  expected: {"digest":"7322BE467E67AFD0C73AF4F24F9EA398A9100C8D3D3F669892BA65F2806573CC"}
  provided: {"digest":"F4DB409986F59C647C0241131BA358749E2127C06A8B5D3522E6B39BFB59206D"}
  reason: "Digests do not match"
[VS 3349669] tcId 246: failed
  expected: {"digest":"8E3D737463441DF3A93B1EA67E33B39F6F712F09FD2719B1F59FBB67375BDCAA"}
  provided: {"digest":"8173AC108097329C8AD0DFEDA9158C8E34ED71C4D98EF26611DC3AA4C285BBBF"}
  reason: "Digests do not match"
[VS 3349669] tcId 248: failed
  expected: {"digest":"DB4CA46AD69AA0591924F1BC7687113F52F07E7952D51B93F438F05DF901FDD2"}
  provided: {"digest":"69750E85878943C49841AB79CBDDD476091EE14830D5CA137B9E967D2C8410E1"}
  reason: "Digests do not match"
[VS 3349669] tcId 250: failed
  expected: {"digest":"93A46D6380B6BC1F8DC24D75CBF2A643BE7331C704E3F73E8B3AA108A7ACDFED"}
  provided: {"digest":"39EB9050C8A6D4C81539ECE5EF40E9422B056F419B14686434087AAE8970BC6D"}
  reason: "Digests do not match"
[VS 3349669] tcId 251: failed
  expected: {"digest":"CCBAE08A1AB688409E050E4D85A68D1BFA8BEAFCBD9AA600EA07A8C9FEEDFD5B"}
  provided: {"digest":"CDA4597701F0ED0B4FCCE009167D948FECD12755CC1D8172A2F822B4619B3B0D"}
  reason: "Digests do not match"
[VS 3349669] tcId 252: failed
  expected: {"digest":"72ABF0BA256371CAB0714890A7F1EE7A01249ACAD9D4C6F6C91FB2372AFCE7DD"}
  provided: {"digest":"1BF498A1E8B7BBF39DD70B15BE91A18726F83EDFA51BA689A2DADD97A677B657"}
  reason: "Digests do not match"
[VS 3349669] tcId 253: failed
  expected: {"digest":"41EE5AE4F293078F96E182471D26574F201423F7E06802A3F26D88CF5713C19F"}
  provided: {"digest":"0081A74F94B1A3AD87B89BF2BB68272C2F6DBC7F898E1D7393C2D0B951EA1E60"}
  reason: "Digests do not match"
[VS 3349669] tcId 254: failed
  expected: {"digest":"8988B25BB63D1760A5902D00A75896E96C643BD89E0C38C3F952D726E5E62135"}
  provided: {"digest":"A44CB3F24F6D7E1FD7B8326521F3A00BC08B2D49A9176D39ECC2AB6DB4201AD8"}
  reason: "Digests do not match"
[VS 3349669] tcId 255: failed
  expected: {"digest":"F5E65CA37A27758469B1BE851DE2CFE3CCEAFA32A03FFB7C6BB3E5D3105BFB88"}
  provided: {"digest":"66A0EB7A0DCC3DAF53B8CA14C0889207D37F3CB81C28E406938D47744EB736C6"}
  reason: "Digests do not match"
[VS 3349669] tcId 256: failed
  expected: {"digest":"628298784E6EA567A0B4A791A034681A763859AC51F523E12E63E129FD495444"}
  provided: {"digest":"43B28BB666E40E2951EFA7669B7501D4288A5587A2ADB418302D3487559A9E96"}
  reason: "Digests do not match"
[VS 3349669] tcId 257: failed
  expected: {"digest":"650F7FB220506E8C32975BDD39D1752F0EA73D560CD18D9C024AF422EAE326A5"}
  provided: {"digest":"1CE4DC28B7921B774A0A0B25361CBBDD837C8B885E732D82F20794FE573BF049"}
  reason: "Digests do not match"
[VS 3349669] tcId 258: failed
  expected: {"digest":"16F443ACE6D017C1F2B2F5AD2CE93720DEA416EA2558B45E12793BCF4E5ABC01"}
  provided: {"digest":"34EC57B05A2005560878147CE1F5F692778E398A508742A888FD953BEBEF8D49"}
  reason: "Digests do not match"
[VS 3349669] tcId 259: failed
  expected: {"digest":"B114AEA6D0F5D49019D40CDB247F77FBC7121E447FCA37F59C2B131AD3C63EBD"}
  provided: {"digest":"4791767849202D691A59060B7977F71A80F7AAF7C0F518498950B47DEB1B9509"}
  reason: "Digests do not match"
[VS 3349669] tcId 260: failed
  expected: {"digest":"5FE1214E8877953A7F776D69E594C6ED2B127BA20F387F7B4D74258AAE79812E"}
  provided: {"digest":"9535D961077FBEA40B42457D1EEFE68D7A0F0E7FE179CDDA4A771FC046C2344C"}
  reason: "Digests do not match"
[VS 3349669] tcId 261: failed
  expected: {"digest":"9BA0C6CB87D37B390644E8872578F0195E1B927C56BEE2A69FFCD35A0BEB3140"}
  provided: {"digest":"6923477122ACFC4B6B6F511E0D4ADA0548524436D439BA7C6F6A278AC6C4DE1F"}
  reason: "Digests do not match"
[VS 3349669] tcId 262: failed
  expected: {"digest":"38D2DF32D68F78BF116517208D4EFAB1481E170EF4AF41F90413CA55C066A43F"}
  provided: {"digest":"C896CBED4D88144442EBA2B3C756246273B8C7B1FB2F719E465D4FDEE138D65D"}
  reason: "Digests do not match"
[VS 3349669] tcId 263: failed
  expected: {"digest":"49B4DF7525B90D541E7CF7C2A439A368E0DE6972BE45785F8A189AF0A9E77EDE"}
  provided: {"digest":"5288A9268F18CF681E144E3ADCA987FFD18C3E541EA8344896A0A036E30414D2"}
  reason: "Digests do not match"
[VS 3349669] tcId 264: failed
  expected: {"digest":"06DB56669C54F924791152356C8BFFBAA7B20876D012BC31B931E66CCFA2BE41"}
  provided: {"digest":"44EF89BDD9F8691E7A948D31B737B94EB643100ACF851CE7DFA63189CF12D677"}
  reason: "Digests do not match"
[VS 3349669] tcId 265: failed
  expected: {"digest":"E8E7A11F670A8A7DAB6506A8E5EBAE26B6B02DC415003FF250E25391D1386FA6"}
  provided: {"digest":"BCE82E29DC97746F2CB701A1DAD1AA2BE467728A0A96667D664BEFDCDA958E17"}
  reason: "Digests do not match"
[VS 3349669] tcId 266: failed
  expected: {"digest":"7C295247A525CE15F764A51E52DCF9390F429C2421228C846D764043B0005BA6"}
  provided: {"digest":"A93CEDF60DF541D20E80C29B169D2882D1853A5CB88C4178C92EE5D93C3BB5D4"}
  reason: "Digests do not match"
[VS 3349669] tcId 267: failed
  expected: {"digest":"944BA7CB91C079AE3EC5D2EDAC8C04DB04EF276BD2204826FC7BCED06C7DACF5"}
  provided: {"digest":"B712F317E8853E2AA174E49573B23221D2560BFD02BAAE8C72813C90FFB3D19D"}
  reason: "Digests do not match"
[VS 3349669] tcId 269: failed
  expected: {"digest":"4EE832330A38119AC10E4DEEC0A6FBC6B2C517D8F9ECF23B5090A13535995C3A"}
  provided: {"digest":"465F640AAA25F552801A47F083B2A536E56FDE2D5CC42D59803DE01762C5DEEC"}
  reason: "Digests do not match"
[VS 3349669] tcId 271: failed
  expected: {"digest":"374C0101BAA5439E6A5522E5A97C14C7490A2DBA1A3D4BDD416145F483D176E9"}
  provided: {"digest":"01D274A678E228083561997C5B511D69B0172A2E51A3261244A6D8DC47695B1D"}
  reason: "Digests do not match"
[VS 3349669] tcId 272: failed
  expected: {"digest":"8B036EAE8537F15DFBCB40DD419D5E05CA176E02C19474A37531715753704223"}
  provided: {"digest":"370D9DB0E0C1896F268DB7C15B902282385267E790625CDB8CF5E5F55012B6D7"}
  reason: "Digests do not match"
[VS 3349669] tcId 273: failed
  expected: {"digest":"1D4B9941CA4D1402256705F7787A1176C9331C899D8A93DBEF99D17BFEA9F036"}
  provided: {"digest":"AF7DC4802B0DAECC218CF89CE12C4C2EFF703EBF3E1D31097816D55053F0BCC6"}
  reason: "Digests do not match"
[VS 3349669] tcId 276: failed
  expected: {"digest":"05FA7AC1D9C7E76D7454396B997C3EC7F02E5EB46B88888657AF41DD6498E063"}
  provided: {"digest":"65A547A2D90DD27108E0321054696A1833B196420660CFB4BD371CE1265691AC"}
  reason: "Digests do not match"
[VS 3349669] tcId 277: failed
  expected: {"digest":"0526FF8C0D32FD6224DE526FD4846D3F6112E764CAD3C0DE7C445F6A1A356D9E"}
  provided: {"digest":"1C638129441374BB1C03AD45F57ACB59D6FE5907B9F485274DD2B1D453BAAB81"}
  reason: "Digests do not match"
[VS 3349669] tcId 278: failed
  expected: {"digest":"A4C1DACCDF9CBCDF6DE3FCB2C74BA742EEFBAC31D267DD971219A5C44FB01472"}
  provided: {"digest":"667695976A5741A3BCDE65F55698B05015C10F4CBA68754D19BDC470D65D9010"}
  reason: "Digests do not match"
[VS 3349669] tcId 279: failed
  expected: {"digest":"91F76E88B8290E58BE6603DB023F83C48F3448153382FD4786AB1D70FB97B7E9"}
  provided: {"digest":"473E2C0E3E65FF912EED06F7FB3339CDDE3833250D1528B7C8E698B077431C8C"}
  reason: "Digests do not match"
[VS 3349669] tcId 280: failed
  expected: {"digest":"1EF01C42A195F9910FD363BC87033D4C8782F40E829A7AF472121EC0269D0CDD"}
  provided: {"digest":"1D71872306DE5CFE79477B784B636837B8B53A0E0F265DAA3883B69D693529B0"}
  reason: "Digests do not match"
[VS 3349669] tcId 281: failed
  expected: {"digest":"F145BD5180C20B8C84F73A071A7CFC75F5602D4003D7CD2F4923EFC7581E2421"}
  provided: {"digest":"7A28797287270B3C2E7C59F525E79B327DFFD5E8E6144CE9E281AF67DC9DEFFD"}
  reason: "Digests do not match"
[VS 3349669] tcId 282: failed
  expected: {"digest":"B1985BEC7E6DC8641BBE662B38B88987AB8BFEB795EAA1BDABB2FC9867611B41"}
  provided: {"digest":"67EAF48B422A188EAEA3FF90642997EB146C192E14BC27FB7EE72976347FDA76"}
  reason: "Digests do not match"
[VS 3349669] tcId 283: failed
  expected: {"digest":"2C3CA18E15A0831B0A5BCB3AFD313EDD3801F64D245C36C1232AE5E306EAC958"}
  provided: {"digest":"30EC336DECCD67AE2E184436D209D5EF2729FC3F0C0C9E1CE0C7F4ED3DB639D0"}
  reason: "Digests do not match"
[VS 3349669] tcId 284: failed
  expected: {"digest":"0B21592475F0818F794AD0E92D5A1811F33D30A6AA9FA650435E3D5AFD2BFD4A"}
  provided: {"digest":"ED917C834E1FAB89084EF4364C0DF07F47C341FEC6D417DE57EF2B9943EDB1EC"}
  reason: "Digests do not match"
[VS 3349669] tcId 285: failed
  expected: {"digest":"0647996ABAC64969FAE0524D65986F0ED4AA5ADF5BBA8D940285CFDB8FB3F777"}
  provided: {"digest":"D58CC2FD44AB9DDF123031B6A89865F33FB14713722D9C03C09F0050738E8B2B"}
  reason: "Digests do not match"
[VS 3349669] tcId 286: failed
  expected: {"digest":"C1F98D4D5D99ABBED9250BAB66C3E8BD8EF0ACED80BBCD04B5ED93DAE0D34515"}
  provided: {"digest":"9A11144107DB2A2ADAC5F3DF118C612D3BD42E2FD29272327688FDF6BBC03E3D"}
  reason: "Digests do not match"
[VS 3349669] tcId 287: failed
  expected: {"digest":"C866AA42CEE6497D24FB8148BEE4A972456AC2AA03902D411616924F4116C902"}
  provided: {"digest":"4BA57D6940239D5D574A0DE4AFAD22EDFB6C52F61ACBC3FE6171511F31313AAB"}
  reason: "Digests do not match"
[VS 3349669] tcId 288: failed
  expected: {"digest":"F59E9BCE06F77D13C7BA177E871E346CD840ADFB80B7D0C631DD1D6C088F215B"}
  provided: {"digest":"A98A8D33D17235FA44D771852935FE9A0B13550CD6DA25409B277200F5CE1606"}
  reason: "Digests do not match"
[VS 3349669] tcId 290: failed
  expected: {"digest":"61D1937CF2707EB8C2C26A413D5E68E322FB5E1BE3897E4C5474E98E8D4591D6"}
  provided: {"digest":"264A587B10D46F82E48ED2C8DB0F28E9C70E1924E1849948AEE4DE9FDFBF0FBE"}
  reason: "Digests do not match"
[VS 3349669] tcId 291: failed
  expected: {"digest":"84446D12C1A11F8938140651AE27D0A65A92197224553054F6A589B419B0A6CB"}
  provided: {"digest":"3DEC0B67F5736F1835A688165AC078A1A98A672C5CDABC38B03756DF435FD661"}
  reason: "Digests do not match"
[VS 3349669] tcId 292: failed
  expected: {"digest":"56B8054EEA06AC8BBD790ADD1F766B0B150D1B774E0EE2932ACE416CDF9EE1CA"}
  provided: {"digest":"C23310C1C177D717DA6630F023BE0BD4E7F9DD0F0771012F245740B16CD24AC3"}
  reason: "Digests do not match"
[VS 3349669] tcId 293: failed
  expected: {"digest":"61A782719C530DA87724F689DE4A9B2095AAA808F95608AE692EFDD1C8D33CBD"}
  provided: {"digest":"8CB1A940B32AE74137015C931B66FB0C7DF65767DE6B28CF40FD838994048AF2"}
  reason: "Digests do not match"
[VS 3349669] tcId 294: failed
  expected: {"digest":"BE3DEA67FD231F34885CD398A50A1FCD97E679C37249A5E7AA330F07643ED4D9"}
  provided: {"digest":"B7C13D3CB54949CD39723891EBBBD7CCA6CD66E599855D62C14B7987E2E3A195"}
  reason: "Digests do not match"
[VS 3349669] tcId 295: failed
  expected: {"digest":"66C527888DC9654DA2CF201EC17577D524F4C640534D26737D3F3ADFDE633767"}
  provided: {"digest":"ACAF3798D0C338D5DDC2C0250BFD7B07E8C9246B7CF2548200EC83CCD4CC47A5"}
  reason: "Digests do not match"
[VS 3349669] tcId 297: failed
  expected: {"digest":"2A462077DBC73F500654F7F9E2B0FA0DD252AB20B721193CB6902AF1C91C0168"}
  provided: {"digest":"904A16B306E5B80ACCB1F4135F190ACB82FEBC70377D3D884FD5B29DC35FC8E0"}
  reason: "Digests do not match"
[VS 3349669] tcId 298: failed
  expected: {"digest":"DD8D443F71F08B88DE38D3358D7D6A27BAEF425E392663DC858A561689293266"}
  provided: {"digest":"483644976FDDA70388B4DE1CAF76A5D4EFA92D3DEC403E7DD9EA05FA8EB72FBC"}
  reason: "Digests do not match"
[VS 3349669] tcId 300: failed
  expected: {"digest":"6557C035B8A93B6D78D9B39D55FCA11CC5B40992BE4917EAEEB98819A3A6D989"}
  provided: {"digest":"6B2A71EA227DF9D1736B8C0210DFF1FAB84A031BDA117A71C9E605746785F8E7"}
  reason: "Digests do not match"
[VS 3349669] tcId 301: failed
  expected: {"digest":"5F41E696965E6F668F22291648CF897436D23CB58937DFD9B53B8FDD3A684DEE"}
  provided: {"digest":"2CCA7143D58100A916B27B5F161B2C292465AB2E0E2753CA973E8DF9121ED675"}
  reason: "Digests do not match"
[VS 3349669] tcId 302: failed
  expected: {"digest":"3B20D2F68C1BD6B4DFFFB7F3621D3AF72753F8837B6DBFB2CFD6C9572AD5512F"}
  provided: {"digest":"4C0FF24D70A0EE4D8DE9B37324A4EB41081E7838CC919271C51D715F47C0A211"}
  reason: "Digests do not match"
[VS 3349669] tcId 304: failed
  expected: {"digest":"EC925CAFE337F6125606A0AB81036882068B3430CAC24F3224EBA3656197BE9A"}
  provided: {"digest":"E405DDBA12FA4A771F32622F8C69AD873CEC6580DFE2B7B70B6D7DFB431FC051"}
  reason: "Digests do not match"
[VS 3349669] tcId 305: failed
  expected: {"digest":"26DE4A266F61657C980781FBE3D17737D5F43D9C1945742E2113E6C07D5E4F2C"}
  provided: {"digest":"A4049D839A04D35C292187CD1AF114AC61765EF65BDD32BD980923AB8D89DF1C"}
  reason: "Digests do not match"
[VS 3349669] tcId 306: failed
  expected: {"digest":"114A19CFF5930F119DC2AE41D9E2D0331AC36A80AB8B9873B64C801551C038E3"}
  provided: {"digest":"D6124FF030ED9F2F37AB9F56145E6D1E7AA19882693E8E42B128A3873E82F73A"}
  reason: "Digests do not match"
[VS 3349669] tcId 307: failed
  expected: {"digest":"A5963A1414FF2EA9A5C37E42B1C33A8A5718664F3597CF9E8B3A55AFE0D680F2"}
  provided: {"digest":"56E548D3BF707A28661E94EC7F617EDCFD47D57E1F2CCDEFB6AF49722C81A8C5"}
  reason: "Digests do not match"
[VS 3349669] tcId 308: failed
  expected: {"digest":"9E2C0285ADAA52E695546E1FFFA2617891E1886501B4A066F6459F6444A13FB3"}
  provided: {"digest":"98FFB2E3C3E5E528F99BB007EE388818E4E7425C467FCF249740D7702C1DBA6E"}
  reason: "Digests do not match"
[VS 3349669] tcId 309: failed
  expected: {"digest":"8C34ED84DF58554FF8DD563BB181BD8BCA359DFD735E84CCF55F5E76F95D9602"}
  provided: {"digest":"5B497AC252D96C4BFE49C4E63213DB46828A7D1E5AAD32550584FB5889C52B06"}
  reason: "Digests do not match"
[VS 3349669] tcId 310: failed
  expected: {"digest":"37309A7DF5B96F4769E238D5DD379E5AF6245788428388FDB21DBE6C31573E18"}
  provided: {"digest":"81D26974FCE362FCDD97FB1D12DB5D8DDDDF18663D60C2363ADA29EB77FA7843"}
  reason: "Digests do not match"
[VS 3349669] tcId 311: failed
  expected: {"digest":"2FA6C4617A67558EA34A1CFF5E48EBB74E8B050B881CD9C55BF056492953F81A"}
  provided: {"digest":"142D47CE08C03D43F8FD19D987BAB25B0C8A0D62F4D836C4C5BDE0AEDE283EDE"}
  reason: "Digests do not match"
[VS 3349669] tcId 312: failed
  expected: {"digest":"03DE8BE912D04077DA84DB601B9D0C72F3796F8BABCB06DB42DDB518BE6501DE"}
  provided: {"digest":"A53D02CE9A95BC501D7190324221A7F8A67D6544D70DF312AEE876C9F9D2533C"}
  reason: "Digests do not match"
[VS 3349669] tcId 313: failed
  expected: {"digest":"6233B1CA4DFDDF0F5B6EC99039444488D5AD3509EC4ABA6EB3339139C0F08BA7"}
  provided: {"digest":"334B68F6B75A442FBCB157DC45D1A9B541BB3A5EBA11F43B44D77DECB861EA0C"}
  reason: "Digests do not match"
[VS 3349669] tcId 314: failed
  expected: {"digest":"1461A8148D350E3F6B75EBE00B1E64F1280819D1C59C10FBF8E5CAB0FEB43118"}
  provided: {"digest":"3274AB2D85A344403DFD727DA2ECEC3327B3F884D72BD07EA4F2417AE29F24A9"}
  reason: "Digests do not match"
[VS 3349669] tcId 315: failed
  expected: {"digest":"25787DE63B76F7FD5D8A0D5B48F9180ED3430C8B27C99E920948CFE19DCBCB03"}
  provided: {"digest":"2040F67128EADDCD9A1A7C99C75C53F9A0FD0546D51095CC8EE4B3D86FD62AC3"}
  reason: "Digests do not match"
[VS 3349669] tcId 316: failed
  expected: {"digest":"326AA4A5C996F549BB87F9400EE8C91AB136603D1C63971ECF2ABA2891240ACF"}
  provided: {"digest":"072F915A59F2AE6AA389340268A4F9EA6A1B826330CB712535A4E84148BD2680"}
  reason: "Digests do not match"
[VS 3349669] tcId 317: failed
  expected: {"digest":"7FA6A4123FF0E829DD300A02172B4D3AA3C4E2A39710834873E51924021666EC"}
  provided: {"digest":"1782E90E5D615905FDEBF3B64573A64483C71C2F25B447257A8E8EA8865FFEB0"}
  reason: "Digests do not match"
[VS 3349669] tcId 319: failed
  expected: {"digest":"8C8A87785D1D9F08168D54D56B40CE563CCBD81E70710055AB77BBB85114FFD4"}
  provided: {"digest":"1FF20E4ACB176E83BC6FBDA05DFD87376ABBB4918DB804FD50DA969F75DF8F36"}
  reason: "Digests do not match"
[VS 3349669] tcId 320: failed
  expected: {"digest":"D30E9CA44849802B643950D10A61446C3C6C9832C46468FBABB7DCA4978A2671"}
  provided: {"digest":"E2A4FDC7E5694730C08C65740617CCE7553583CCDB2671DEC798890ED530659D"}
  reason: "Digests do not match"
[VS 3349669] tcId 321: failed
  expected: {"digest":"177EC77CC7CB170AA2CB40608554A1590EA128450FBA38A89EF2CBF99AE5256F"}
  provided: {"digest":"5ABAEE0F8C144D3DC44920918A280A871349685724B2B264F132501980ECADF6"}
  reason: "Digests do not match"
[VS 3349669] tcId 322: failed
  expected: {"digest":"E211AB4C5301A6D92939639158C146FF167533932201AD21AA4986CDB8A1CE17"}
  provided: {"digest":"0386BD74E54BA7315CF9384E3E486751DACB725C4E7D1E253EFD6766C1F99857"}
  reason: "Digests do not match"
[VS 3349669] tcId 323: failed
  expected: {"digest":"823711CA413052936882747E28D3ED770EA878A60DB0597A46D556B272C3F1BA"}
  provided: {"digest":"96EB8DE62D066F715BBE6CAC4A78E448CA792C9349DB2471126A73BD56EC90ED"}
  reason: "Digests do not match"
[VS 3349669] tcId 324: failed
  expected: {"digest":"D4C0BFFA6F1C080EF88A4202420EC1618D55E1CC502767D66F8CC5A82D347D90"}
  provided: {"digest":"40E9A57065F6DB85A5B9D4B111FB49D2644B328139D5D51423BAD74D8AA717E3"}
  reason: "Digests do not match"
[VS 3349669] tcId 325: failed
  expected: {"digest":"6D66090F2687E589FFE0B1E3E14A1BD7280BDA0E7F69F7962AD8BCD16BB60588"}
  provided: {"digest":"0608D158BBDC019CE9BEE023D9F7AEA9D202EBFB476451DC25CE6A2FFA025730"}
  reason: "Digests do not match"
[VS 3349669] tcId 326: failed
  expected: {"digest":"F80E203AF7B06CA63AB6B832E1052A684982D5BFF4505B42FF667E1114651631"}
  provided: {"digest":"13FEBC9BC7507B30831669125E7AEB74AB55B52B5C9537F49690F4F17BEA7EB1"}
  reason: "Digests do not match"
[VS 3349669] tcId 327: failed
  expected: {"digest":"B13AA2B2E3A77E64D9BFF8BD5AC9CC649860E7AB9E1ABC060E44E3875B3A38B9"}
  provided: {"digest":"D30D47109F2F6DF7393E93804B0CA8651610980DA76A15F288F99D8D3EFEE49B"}
  reason: "Digests do not match"
[VS 3349669] tcId 328: failed
  expected: {"digest":"CCDF5BF5141E2E4467F2B5F89127B094CCB7F91CBAAF94054095AD6FC3ECEE01"}
  provided: {"digest":"BC2E0E10B7ED820214D633DEB1E5D34550303A8E2EE272848872051F8F7845FC"}
  reason: "Digests do not match"
[VS 3349669] tcId 330: failed
  expected: {"digest":"D6487E24C123F9F7929B85B3961FC563703480382B72BFD6E5C725FF8F602E49"}
  provided: {"digest":"041E57F7E6DCE95CC8BCF631312759B68F01CBAF96C283DDA4A8D75049C42125"}
  reason: "Digests do not match"
[VS 3349669] tcId 331: failed
  expected: {"digest":"BBC269356FC1FA881B4A25F0D2419723EE1AC6DDBA527E85B2596074BB705757"}
  provided: {"digest":"8E42666E94405E317F6F48A56063ECD13A0CC26351FB0BC5F1EFE12A0D8C4EA5"}
  reason: "Digests do not match"
[VS 3349669] tcId 332: failed
  expected: {"digest":"FE4D2EFD31CE0CFA209A4C49C571EE836285C96289D62B633C69B604BDCD36DE"}
  provided: {"digest":"58771FA73B300AC7AEEEBC33B4D8B716DBDA5D8488697A02736732EAD1E66771"}
  reason: "Digests do not match"
[VS 3349669] tcId 333: failed
  expected: {"digest":"458457C113CD21277B407119871CE28A933DE0612E3F7CC912FE020182B6A0F1"}
  provided: {"digest":"B99A0F94C0564512E625F5C5A82FE1B5345809EB38A5CBF4A5972FFE5E87A1CA"}
  reason: "Digests do not match"
[VS 3349669] tcId 334: failed
  expected: {"digest":"CD25BC109E588927C3361F57EF536764786A6807EE1FAAE4029E58FD3DD2D994"}
  provided: {"digest":"EA941F092F53DA52B9847B5B29A0823B2E9CABCA2913291873E81556915820F5"}
  reason: "Digests do not match"
[VS 3349669] tcId 335: failed
  expected: {"digest":"EF341ACBD744D5DA7D0C769A5E8ED12326C7484FDF2C83365B5D5764B3EAA29E"}
  provided: {"digest":"AB615001263E343C78D58A12401F6875D235B33C7B0882ED60488404259C24A9"}
  reason: "Digests do not match"
[VS 3349669] tcId 336: failed
  expected: {"digest":"6D7C54906461A27610F310B84F580F68A10E4032F7AC0DF975A86C48FB8CAAD3"}
  provided: {"digest":"862D11535BC36E79458F2358D7444F5BA2EA6378CF191708B31310E8319C8FB1"}
  reason: "Digests do not match"
[VS 3349669] tcId 337: failed
  expected: {"digest":"EBFA787E4D7DE97D2B209F22845F614A4EC3C7D81D45747D4D23C2165558A36C"}
  provided: {"digest":"4438A7FAF071575C82221FBCBB3477BB3F008E9BF38E6D1EF886B2B35739D6ED"}
  reason: "Digests do not match"
[VS 3349669] tcId 338: failed
  expected: {"digest":"C1EC5000FD9DC22DA1E295D72734684C8825876B9BA56D162A6F0AC0064D1938"}
  provided: {"digest":"308D75511FFC3BD962448A5D17C65FF0EDA22E4FB2F62F34B750E965F64D60D7"}
  reason: "Digests do not match"
[VS 3349669] tcId 339: failed
  expected: {"digest":"39F8CE371AE680875B6C25E7A45872AC67228C73AFB1F6048C448B86B3D8FD14"}
  provided: {"digest":"795A1ED0C0A62C2B5BFCAEE6575BDF5B2620CCDB3B9F6024556E00B1755520C8"}
  reason: "Digests do not match"
[VS 3349669] tcId 340: failed
  expected: {"digest":"5B3ED04E0DD72D7106E297FBF3BAC009F2BE7DF49FD16037A5A55EAFD670B606"}
  provided: {"digest":"4491ADE160B99AD998447F5209E42921168F9F3248F5135FEB93A4E831804C0D"}
  reason: "Digests do not match"
[VS 3349669] tcId 341: failed
  expected: {"digest":"8F024B07B191E8F68BF2ACE4372A2AC84825B30C05621B4BE569E5750E9AB580"}
  provided: {"digest":"0F0B7CA82AB028BA2F33390A68083D7128BE3D1D35C85E3DD5FD551E397F2670"}
  reason: "Digests do not match"
[VS 3349669] tcId 342: failed
  expected: {"digest":"842D789A286CDE6FB861DFFAB4FD4833EF73A61810FDE0FF4677718582F92508"}
  provided: {"digest":"2BD5347365CFDB54734109CA7701BBA28BDAB403968A420816CCBE50BDDCA2C9"}
  reason: "Digests do not match"
[VS 3349669] tcId 343: failed
  expected: {"digest":"BD4F9E98BEB68C6EAD3243B1B4C7FED75FA4FEAAB1F84795CBD8A98676A2A375"}
  provided: {"digest":"6E340B9CFFB37A989CA544E6BB780A2C78901D3FB33738768511A30617AFA01D"}
  reason: "Digests do not match"
[VS 3349669] tcId 344: failed
  expected: {"digest":"AF13083F4825BA634AD5FD1302A5E8BF160A5AD62449C17A3CE893B5282AC2D8"}
  provided: {"digest":"2CEFA7936B4AF0EBCA6E2144E6F0E45713A6A522E653F665F33281EDC347DDD7"}
  reason: "Digests do not match"
[VS 3349669] tcId 346: failed
  expected: {"digest":"47A0E1E39E6EFE5519FBC0513115688857CF5C29798B13990D551D415A04708C"}
  provided: {"digest":"B444046FE17CFFF1DF92B258B608B964AAB5E0E7AB5B86D16AE001823D3E81E7"}
  reason: "Digests do not match"
[VS 3349669] tcId 347: failed
  expected: {"digest":"8021B72CADE3B5C93B2C1495CB77136C7F6A4FBFEFC3B7116EAADEB50FCEDBA2"}
  provided: {"digest":"F5D4B53338870A33AD4886DB254374E650DA7FDABC07594BDC016C0008F2AA25"}
  reason: "Digests do not match"
[VS 3349669] tcId 348: failed
  expected: {"digest":"8CA39A4A167E9AB37DC37F503646467C3CC17BDC7B945ED84DE65FAA5E748911"}
  provided: {"digest":"962E70E55358525AC57F18B13376E89CF7E25EF2F2CBDE4AFC0C768B6230A151"}
  reason: "Digests do not match"
[VS 3349669] tcId 349: failed
  expected: {"digest":"FF113E0250083861A60F81A8A2BF0D465A1434C00EEFE358CFFBA79F6C8A28CE"}
  provided: {"digest":"9E7047A82B62103162B84ECB0B38702B5B1A8619020BA417E498567171B42C20"}
  reason: "Digests do not match"
[VS 3349669] tcId 351: failed
  expected: {"digest":"DC5F54B0A81994409908DA03ED77E0A6FDE2C25FA6277262054669E7C376D3C5"}
  provided: {"digest":"DD9280D28DCB52BA62594C3E5E15C39EDBB9A54E3C081B2E484A99FA6A16B507"}
  reason: "Digests do not match"
[VS 3349669] tcId 352: failed
  expected: {"digest":"A488AB47083E72A97107EC982AE5B702D7C32F31EDB986C042E07D58EACADA46"}
  provided: {"digest":"CF745E8790287BE9BD3F65651A4004C7DE3A95A7F078F5D9B01D5F195FD7355E"}
  reason: "Digests do not match"
[VS 3349669] tcId 353: failed
  expected: {"digest":"2748AAEE203AFC0955CF2C365394AB4B685E2DE0FBA858CA2B7C7B8F93855B87"}
  provided: {"digest":"68FC9E836DB35FEA6E4E1C6C1C4316A15F0EB5623335E1F588D6C8EA9BB92A88"}
  reason: "Digests do not match"
[VS 3349669] tcId 355: failed
  expected: {"digest":"BB6D372A58E7B1455EF1A349C582C0F2FE0D99040E8BB572841ED529FF436DE0"}
  provided: {"digest":"4BB0A49468A6B8FBF6ECBF92713684D9F9968F6B688679C1564ADB4BF36758D8"}
  reason: "Digests do not match"
[VS 3349669] tcId 356: failed
  expected: {"digest":"666668DB01008CD952FB06DD26732E53174075F9DB118E034432E3EF56437780"}
  provided: {"digest":"7EEA5934E5FA0F6C4D2A0F8ACC57253278AAF4348BD9910A1F7E55B69B7F17C6"}
  reason: "Digests do not match"
[VS 3349669] tcId 357: failed
  expected: {"digest":"44A2D1B1902A61CD6B15143499AD049FFBE99198214BA83B804F6A5792647F7F"}
  provided: {"digest":"0B0DE504F541138962FDDEAC3A62D0433EF88EAE1D332AC865CB862E1FFB5696"}
  reason: "Digests do not match"
[VS 3349669] tcId 358: failed
  expected: {"digest":"C18CA01B90F25CF79CE3DD0E51050E4E23D2ECDC8311BEAF2F21193DF27A9925"}
  provided: {"digest":"20D430AD683A928F4270FBF2B9ABD95DA5C0EF5CE5B2E0C75897F632835FFA04"}
  reason: "Digests do not match"
[VS 3349669] tcId 359: failed
  expected: {"digest":"F541447E558CAD483C5F1C9CB4E0475B0BB926DD49967A5C125DDF27948B13F2"}
  provided: {"digest":"87D3F82D7A3353D62E4D5BE9E3736074390753550F2899C2B772F24ED9F50C72"}
  reason: "Digests do not match"
[VS 3349669] tcId 360: failed
  expected: {"digest":"CE5B27BC2F7EC9EB98BC564F07F944041EAE6431C428CF2462A2A131169A9BD5"}
  provided: {"digest":"DC6AB2D43EF1493156AC6FCFE8268B0F9373F49899F5DA07EDAC295CF40AEDBE"}
  reason: "Digests do not match"
[VS 3349669] tcId 361: failed
  expected: {"digest":"05BC430608F693A2754802E7ED4204391B12EA17408B287485D3F13985B5C79C"}
  provided: {"digest":"5CB1FE4456EF2D7C8B1C43FE72E6B0E7318DEF88DA37904ABB8BD26A0BDB44F2"}
  reason: "Digests do not match"
[VS 3349669] tcId 362: failed
  expected: {"digest":"0CCEB998A48B0D8C25957EC242BBD0ED45566464C88853A8D67AB9544F77DFC7"}
  provided: {"digest":"F5950859303EF1DE36CF846EC095956370B516655DD5E5655934797DC141F994"}
  reason: "Digests do not match"
[VS 3349669] tcId 363: failed
  expected: {"digest":"63D440A6C37C8DD20B8A0C36CF3550B0BC3A614D4927EFDC0F5C4ED5124636D6"}
  provided: {"digest":"7E6F792138A5BB6D2B6EB5E4FB6844C8088DF47DF391E5B72745A54E9A25863B"}
  reason: "Digests do not match"
[VS 3349669] tcId 365: failed
  expected: {"digest":"1680E827A74FA8248FDE4515F29063FFBE0B67A2362873140996056FDBC1DD1B"}
  provided: {"digest":"DAAC9D27E2889BBA527F7C5FB6CE16D7BA75A55ACA4F7C6A829EB3E1E03E04BC"}
  reason: "Digests do not match"
[VS 3349669] tcId 366: failed
  expected: {"digest":"8FD2CDD1DB789F1A196A891C1476073E25217435C57B57290F8FA3732FA88C9C"}
  provided: {"digest":"6D256DA4EEF63384B65426C324DA84ED9F47167F24C6E1A8A5284B682E321FB7"}
  reason: "Digests do not match"
[VS 3349669] tcId 367: failed
  expected: {"digest":"0BFAD2C95B18E55B09354DBB8FF12B8127DB3EE959FE89596F549D499AA1B652"}
  provided: {"digest":"5FDD9E071BD53E01BD1E1E356250E2E914D928AEC950E0DDD76550E9879D9399"}
  reason: "Digests do not match"
[VS 3349669] tcId 368: failed
  expected: {"digest":"81F7FDB29631E3BB98420397C6799633708CE881B02AF55C88C7F1ADC9306E54"}
  provided: {"digest":"FBD49DDA72DA107D26075912F0DD0047279F683CBD1D8572876D8A451A376DB4"}
  reason: "Digests do not match"
[VS 3349669] tcId 370: failed
  expected: {"digest":"9BC4F1E15A86B1BCB846BA61E4F5F11DED2E9F5ED77DC6229FF23BC753391393"}
  provided: {"digest":"BBB14A5629E04126481AC40655783EE38791A600ADFE9A2BF6F88B2C047F57E7"}
  reason: "Digests do not match"
[VS 3349669] tcId 371: failed
  expected: {"digest":"852E7D2EC704C729739BB1ED3D4149B50B31EB132AAF14DF8488F39A27028727"}
  provided: {"digest":"4A0507785186301938694D082D0BEFF4C137C0632C7DCBD25C6244F87B274143"}
  reason: "Digests do not match"
[VS 3349669] tcId 372: failed
  expected: {"digest":"259B4C8F4F25B064BCC7A59CAFE7EA24A587B5F8D22FE3CF6DA7BC83E3B3968C"}
  provided: {"digest":"263F82CD3A44521F3520439FEF30326B965E7BA4C27C07A11F1A170E90826664"}
  reason: "Digests do not match"
[VS 3349669] tcId 373: failed
  expected: {"digest":"532FC9F23C03ACE1EAC026AD34F82644FAB76EB6727FFF8E086BF233E7785AAD"}
  provided: {"digest":"F9106E11A8E290E7F48AA413227DA5C2F137C3B61398EB3E6DBD254C8FF33915"}
  reason: "Digests do not match"
[VS 3349669] tcId 374: failed
  expected: {"digest":"AC077423E5B60261B07F2FF8173FE51A4FD9EDD0EDB4E325EF29AD83AF301C0F"}
  provided: {"digest":"FFA63144DBBDD2E9C34C33B1E5AC15113B6035CB7DB088CC99239A19B080FEF9"}
  reason: "Digests do not match"
[VS 3349669] tcId 375: failed
  expected: {"digest":"512CC4C8AAAB6F02FF759B325E4337ADD294969AD4D276E518C6B4684F58455A"}
  provided: {"digest":"3AF927962172AC322F6D93596EA2D87DFE99333E251D328DF778AB793C804CDB"}
  reason: "Digests do not match"
[VS 3349669] tcId 376: failed
  expected: {"digest":"A469376C1D6BA35F749BF56DE38609C194DC92B7E8FD9E38470A2F0F829DF3C0"}
  provided: {"digest":"960CD9B7FF3B0A2C13A51914D5A8DAC2809D7C0F79F60846A441B01D6BC3674F"}
  reason: "Digests do not match"
[VS 3349669] tcId 378: failed
  expected: {"digest":"816B3454C6720CEAF06BB5F56ECAB61AEB0568E8052D59D03DF71E5528C56D06"}
  provided: {"digest":"05A89AE11FD4FBE3C4DCAC31A460A20F95898CE5F18303288B14E38F6EB3A764"}
  reason: "Digests do not match"
[VS 3349669] tcId 379: failed
  expected: {"digest":"68DA6EF86D94D849F11562FA951E180FE0D4619992527DF1D7E0B44F3AAFED75"}
  provided: {"digest":"FE717ED22448D791FD9F994C0262303162025BC29498723CFCF5726D4B8014BE"}
  reason: "Digests do not match"
[VS 3349669] tcId 380: failed
  expected: {"digest":"94671514BD37CA1BEF7BC9D70767671B328C69F949F5BA26354411D670F6F782"}
  provided: {"digest":"09D1B36C7C194003418C80EFEB4113A892BA7FFE53256BCEBDB1C78CE6005CC3"}
  reason: "Digests do not match"
[VS 3349669] tcId 381: failed
  expected: {"digest":"964E8B4AFF458D9E373DF48E3A4280155C8A5FC4F5D1138B96AFD28998DDE958"}
  provided: {"digest":"F5E6B82B04086C5E13ECFCD574702EB62C93111A1B432CE94F49FD0614825AF6"}
  reason: "Digests do not match"
[VS 3349669] tcId 383: failed
  expected: {"digest":"CF8C7D336495082BA3AA2FA1140611910768EB9CB35E7DE858ADF5178FF9187D"}
  provided: {"digest":"AEE0EA99D2D92B6D98C31E4F2BC605C2F9D95F671039E9F7A5B33C2885D1844D"}
  reason: "Digests do not match"
[VS 3349669] tcId 384: failed
  expected: {"digest":"C8DF8C0962C8030F2BB937785AEDBB0BB5B64EE197E9F711FC685D4CF3CE9CA6"}
  provided: {"digest":"75A709E0D2BD0CD113E818E4DCC03190EB69E230E6D416775E4990223F5D97CA"}
  reason: "Digests do not match"
[VS 3349669] tcId 385: failed
  expected: {"digest":"27BDF6CB0CA4717D56925D4AEB66528AA6528D9148AEE63C6EE9C6B0AF1E6C8E"}
  provided: {"digest":"93FFBECCF533885F5F8A89B90AFB6A023DF7B792AAED1CC073352843EF0300D9"}
  reason: "Digests do not match"
[VS 3349669] tcId 386: failed
  expected: {"digest":"B85D1007C723829C78A2B940ABC8DCF21D1512B3EE43FC4703B6F0CC04842BE0"}
  provided: {"digest":"AB9276BDEEA08FCFAA04EB0D264A1CE107245E711030A488B574B44F92F0CAC7"}
  reason: "Digests do not match"
[VS 3349669] tcId 387: failed
  expected: {"digest":"A2E26B0C389920DF6CB0747262E1FF468D43986C015F00D98A4A9DA9589C8512"}
  provided: {"digest":"36595E4C7B4B847F380006D19EA914DD61F2B3D437B9CCBFE75B041A34185738"}
  reason: "Digests do not match"
[VS 3349669] tcId 388: failed
  expected: {"digest":"E234746D0DFBA60106E7B49BDE64DDC8B13A3FF7FB81BF0566C269C600494E46"}
  provided: {"digest":"126502002983667367F6AF6FB730EBD05DDFC835F301EBFF359A2A723637EF64"}
  reason: "Digests do not match"
[VS 3349669] tcId 389: failed
  expected: {"digest":"2D71C03870B0962941E30B281B7E73FB6AA132719641EA9D029CF9E7ED1CD601"}
  provided: {"digest":"2D3B205FF2BB53B51AA7C74BE1334A9C434EA4081235092984D9D61810A105CB"}
  reason: "Digests do not match"
[VS 3349669] tcId 390: failed
  expected: {"digest":"7E579465C501BBE1CB6D7CC2D3D118853C5F955C34E39D0FB634144FAFE58227"}
  provided: {"digest":"5FE58F814780CAEA8CF2059227D7E80ABD0C24CEA6DBE6D14ABAF7655AB460B2"}
  reason: "Digests do not match"
[VS 3349669] tcId 391: failed
  expected: {"digest":"675FBF10DB88538A81AAB9EF7F253B5A78BBA974F2FAF07673BB221986143A3C"}
  provided: {"digest":"AC72154B7AE33189A4FABAD9C3FB19ADBF2150880333E210302F678E3FE3AB31"}
  reason: "Digests do not match"
[VS 3349669] tcId 392: failed
  expected: {"digest":"87153D22766CB2EAFA4200D9E21773508F4ED5FC4082283F08E3C70DDD677CC9"}
  provided: {"digest":"4AAA6FE329F77A6EA487838B3296A71669471B8D1CF7DC9746C1DFCCE1C7A873"}
  reason: "Digests do not match"
[VS 3349669] tcId 394: failed
  expected: {"digest":"E960120425E0E21D745AEDD0B997A1CF7AB368F23FB82B2CBC93C9C39172170A"}
  provided: {"digest":"F3D6B41E7A84A0E70C757A312F3D1DF642E8757CDC99A0DE0561FE12D48D235F"}
  reason: "Digests do not match"
[VS 3349669] tcId 395: failed
  expected: {"digest":"F297890F3A41D2C12E9AD25ECBE31E115ADF4A5A6FA5C6B505A012838026E2B6"}
  provided: {"digest":"C5E7CAFAD170F242E535D6F2C9ACC2592B83A3AE68517547142E0F3FA224AE27"}
  reason: "Digests do not match"
[VS 3349669] tcId 396: failed
  expected: {"digest":"8B653085750F2AD10954B8A69CD4EFD6839C194563DBBD47AC46F06B72F5FE41"}
  provided: {"digest":"817627C718081D0FD7B90D25202CCD194A081388712074C04B4D12DDA2FC46F0"}
  reason: "Digests do not match"
[VS 3349669] tcId 398: failed
  expected: {"digest":"1628243D002FE7E2419A651A7F2D1499D408743E46C5CAFCD0247089F8277AFC"}
  provided: {"digest":"4734D05809143BE79BB9D6EBD514F901AB2AE4E5C4FC8837D08C416D2C623067"}
  reason: "Digests do not match"
[VS 3349669] tcId 399: failed
  expected: {"digest":"05F973229FDC6ABB9109AD35D9F34B7BC572423610141AAB4E70C13F26B22789"}
  provided: {"digest":"BEEED18EF4CE28538CD1C30EB6AB5ADBD6C42246100BEF50DD98EDEA443600AA"}
  reason: "Digests do not match"
[VS 3349669] tcId 400: failed
  expected: {"digest":"A7E9762D0F42F14CC019CD91E7AE018DC6FBBF1C0F86DE5BAA0C234488776B1A"}
  provided: {"digest":"33F9F04A691E4675AE657B2C873F63D44B1E0734D787BC81812991BF5D8730EB"}
  reason: "Digests do not match"
[VS 3349669] tcId 401: failed
  expected: {"digest":"1FFC7EF58CFCD7F6D987C3FA7F4E6495C54C5FA056CE6148D637BEE3C956F5EC"}
  provided: {"digest":"66501D322E323ED505C79B8E9044620A31FEE22826E5FA567F8120CCC472BA26"}
  reason: "Digests do not match"
[VS 3349669] tcId 402: failed
  expected: {"digest":"5291C5B62F78603B2110830CCE0D4EF48D2D633D253D80FCC1F1E87C0ACA6BFC"}
  provided: {"digest":"8DA05A9F14F9AE987619FE61136961F4940A7C8EC8CBEB88BE81296EB63325DB"}
  reason: "Digests do not match"
[VS 3349669] tcId 403: failed
  expected: {"digest":"C30D994D968DF0C50A3FEEA1B88D1D5D115509259EF82086AB374B88ED641536"}
  provided: {"digest":"9664E8A5D1A96E831C0C3DA1D48B847E88D15C2A1003366D9EB1760CB8E897D7"}
  reason: "Digests do not match"
[VS 3349669] tcId 404: failed
  expected: {"digest":"845921F2D74A7F21621E82CA2EE11B0909DDE2BE8C8D8DFA0958031D0931C260"}
  provided: {"digest":"9A328546FF94A417F478C779CBC5A0B091DEA4E191EB67203462540AB02F4D3E"}
  reason: "Digests do not match"
[VS 3349669] tcId 405: failed
  expected: {"digest":"00ECB1E15AF03CDD3EC05EA1F4E2993A8B8B1EE2D700780535AFABFE9327FB67"}
  provided: {"digest":"822D8A0C17C889F99891E3274E8D1981FB76C2450E4D6D5D9E0F35261A9977A5"}
  reason: "Digests do not match"
[VS 3349669] tcId 406: failed
  expected: {"digest":"36E003E6250E0C468E4437E3E2D79377F92B74DFAF3D4BDC8FD4B66715AF808E"}
  provided: {"digest":"4F8CD5E096983B2D012AD0B6B1C67D1A1AD6388B9FB93B8B4F8F14E19D2FA998"}
  reason: "Digests do not match"
[VS 3349669] tcId 407: failed
  expected: {"digest":"DB8B834B871D5F1F202BE2A58C5257283A607635FF2C390ACCA92EB950CA0E25"}
  provided: {"digest":"8D30F9F8566154F8123E52C081688147348521FD4B9B573EFCEBAC1D6EEE7D55"}
  reason: "Digests do not match"
[VS 3349669] tcId 408: failed
  expected: {"digest":"42672B8D44647A5C6B9E31F0B0449C437028B57D79EEF7CD03F2382A6769C75E"}
  provided: {"digest":"5F1C8C4DDC7A9B214D3A351FFDF32A1BE140CD089CBCE051D80DBDA13CED373E"}
  reason: "Digests do not match"
[VS 3349669] tcId 410: failed
  expected: {"digest":"03D8C509C7F5AC7BD6E0AFDB411ECD626E78CB973515F95619364B1339C7BC75"}
  provided: {"digest":"FE7DF33D08DEC1F27715F94184186B83DDB18FF13C811D5BE33BBC7B7363340F"}
  reason: "Digests do not match"
[VS 3349669] tcId 411: failed
  expected: {"digest":"AC16531DFA701E9574705A80F7EB9F429EEBF94F9A00B4F27FFF25288F69D14F"}
  provided: {"digest":"929449C5499E0072833ED54CA3D8341891F466DF87B377D0008E8154DFEDCE2A"}
  reason: "Digests do not match"
[VS 3349669] tcId 413: failed
  expected: {"digest":"893C41074AF98B47B7984F020A57915B19C57DC78C5F9DB2092985A16A6B881E"}
  provided: {"digest":"B0781C11B56ABC99EFB9667139EAE4BD6BB003667AA80D560DBDF72A7D4FEF47"}
  reason: "Digests do not match"
[VS 3349669] tcId 414: failed
  expected: {"digest":"A5BAE8044C52A2CBC243DA53A95708D41F0F287410D238AF6D59EEADD84C4735"}
  provided: {"digest":"6AC618473EDECC42D4A7A9D6FBFF9355BF2403F810A99DEE84D7F29CF1926760"}
  reason: "Digests do not match"
[VS 3349669] tcId 415: failed
  expected: {"digest":"38FD832BA62DEF30A36476D7D327611756E9F0B919323FD4971BCA22E4C43FAA"}
  provided: {"digest":"CDEB1182137ED5379C9F1402F475676CD3E542FBD90D3FB42A65C1354429EAE9"}
  reason: "Digests do not match"
[VS 3349669] tcId 417: failed
  expected: {"digest":"79C9569B3EEB1E9A2C9411201F9B5F9D03A7DCA0F252935BE3C4DC6E30B1F781"}
  provided: {"digest":"FC680FB0A3629C5A2F142C7AAD32B0325B8121533B204D8B01CD34787E19E635"}
  reason: "Digests do not match"
[VS 3349669] tcId 418: failed
  expected: {"digest":"1B65BF0FA3B8A25FCDB498DD8CB15D77E4E2DCF0B7CF4803B9DAAB0EEE851BE2"}
  provided: {"digest":"7E9860B7F715FFD98C745C1129438ABBB6E5978F41F2D6344BFF01F5D6F2C125"}
  reason: "Digests do not match"
[VS 3349669] tcId 419: failed
  expected: {"digest":"9944D256F0BD545A23875B27A2543AD74DC75280F9A799B76481FA2E0A64F6DE"}
  provided: {"digest":"E2923A2383E9FB6A7FBB3E4B74813ED5FA284B5A9FC2E3D6B055EDF0CFE5CC55"}
  reason: "Digests do not match"
[VS 3349669] tcId 420: failed
  expected: {"digest":"E0D4751093F8EE5BB3B5725EE6B218C84AA8B95C47575AD6D2C620A67F51ECA4"}
  provided: {"digest":"53384234788FD2862AB19A017F8D3FD5771FF068FC19F862C177B059F4FCBF18"}
  reason: "Digests do not match"
[VS 3349669] tcId 421: failed
  expected: {"digest":"C47377DBF848242704D9C242AA5F09FE3A3A929A20E1C46A80A1D50735E14CF4"}
  provided: {"digest":"8AADB8590C537EF4656DD76BBD82F4BFF5CA4666F5E645F4A8CCBB946B85F714"}
  reason: "Digests do not match"
[VS 3349669] tcId 422: failed
  expected: {"digest":"3645129C774387249EAE8B0C3613A6E658E19257EF198ACE385FF749BCE54C1A"}
  provided: {"digest":"B085209993A6FD43DDC2868C0AC0202D04A197E9AE065E739D04723AC1671DC0"}
  reason: "Digests do not match"
[VS 3349669] tcId 423: failed
  expected: {"digest":"21D9E05CAB2F432E6E4D51A07B6C9C47B6F4D7F82B44736E8920A09911085B7D"}
  provided: {"digest":"46E62901C980AECEAA7B395AC82099D8CA13B33B4458E1C4384922DE582ADFB5"}
  reason: "Digests do not match"
[VS 3349669] tcId 425: failed
  expected: {"digest":"75064F9D11E97D4418EFED843C6D768C73438A551B8FE5428DBB4726FB25F2F6"}
  provided: {"digest":"79A55E73F4D57969B8F05F2347C96A35EC4251933AE782039B105CE8CB3ED103"}
  reason: "Digests do not match"
[VS 3349669] tcId 426: failed
  expected: {"digest":"40F10DE558C40AD6A02F89D7898F2A654C3339ADF53D9DC5AEDDE4236264B0A4"}
  provided: {"digest":"C1ED4F6BC223F4854619C339E1416A61D272460EE91AB79DAE545935F1125408"}
  reason: "Digests do not match"
[VS 3349669] tcId 427: failed
  expected: {"digest":"0C81832330109123251011C5E8B84587709629E19EC61858C5608137149647C8"}
  provided: {"digest":"0A48260D39B5C2CFD0A5D2617187943FAF416794C454C9BDE129202C11F5E09F"}
  reason: "Digests do not match"
[VS 3349669] tcId 428: failed
  expected: {"digest":"05D11BA589E45F7FCAA05485E18D94CAE582642A1209A3DD91070456B9448028"}
  provided: {"digest":"2FF056D85876B497EF180F17694F633B3752877CD4542E637B326DAB56997301"}
  reason: "Digests do not match"
[VS 3349669] tcId 429: failed
  expected: {"digest":"1E85AA8F75A6719F2E6DBC7E53DC1F8804123A7C2195466E8FD92AFD320DCB11"}
  provided: {"digest":"1587290E68C70ECAECD8EA814CAF68F583B7E7975E7104E1A4CDAD8E71D4A4F8"}
  reason: "Digests do not match"
[VS 3349669] tcId 430: failed
  expected: {"digest":"653E4F777D24A1FCE5AB90EB0F2BBDEC5D79E00A8909F15CD2F8FFE922C38367"}
  provided: {"digest":"72D0E8349BFB6443197C06F28BBE8E99898F81499E0822E522BED2245B212312"}
  reason: "Digests do not match"
[VS 3349669] tcId 431: failed
  expected: {"digest":"E7119BA6D9175984D76B10E06029F1A3A97763777141C3315CA5596734B9A7A8"}
  provided: {"digest":"2D593DC346C46969EF6DD1AB4A18E68C483232361CA04E78B595641454B4DD52"}
  reason: "Digests do not match"
[VS 3349669] tcId 432: failed
  expected: {"digest":"5F69F75D3206382F2EE0F5AD72A0EFD68BE772788DDAA52EAB5EE0AD794389BD"}
  provided: {"digest":"917B20BDF2136B40EBAABD0298D44E6AA0E892CDF274FDF344DF900DFFE639C5"}
  reason: "Digests do not match"
[VS 3349669] tcId 433: failed
  expected: {"digest":"6A7B37064CEE1C39A53FD268944B71CFCBE08D310B20F59D76F286E78F21CA47"}
  provided: {"digest":"A1E46DEE8662EF6B1BAB530BFD60094AA9E73BB4327CA3875EADB9D8B4694D8C"}
  reason: "Digests do not match"
[VS 3349669] tcId 434: failed
  expected: {"digest":"5C7A494817A91D751A8BF012C52425CA8270159EE6A52C45AA1FFDA130D9F3F5"}
  provided: {"digest":"12F741F142ABF5F54BF26F10304EA17ABCA13B23C686A27F58F6FED209076623"}
  reason: "Digests do not match"
[VS 3349669] tcId 435: failed
  expected: {"digest":"DA790D942447ED1C5945865033D8F354D23F78DFFBDCC0216FEDE5E81A6D6FE7"}
  provided: {"digest":"31EE447AD71AE185F38D2CDC548C33D7636614D68098FE5DFA31E3611C22434B"}
  reason: "Digests do not match"
[VS 3349669] tcId 436: failed
  expected: {"digest":"0C0E0A7A1E16E4C52B024EA3154D8C43433F212FFB75A983DD8D0553EA8D7982"}
  provided: {"digest":"469B9647692AA2643DBF5DE3EEB242DD52986AC70E1D424F6718EA1F2897443E"}
  reason: "Digests do not match"
[VS 3349669] tcId 438: failed
  expected: {"digest":"C82BAA847FE9140BE2BD4CCA029C23CBF8B66A802C1465F2749B67B15E8D6314"}
  provided: {"digest":"8A1D6E2731F3D2A9746ACCEBBF0122A29B125A3BD07EBF4429B558F109EB5569"}
  reason: "Digests do not match"
[VS 3349669] tcId 439: failed
  expected: {"digest":"6A8CF0FCD197888D21DCF64BA4F9FF4198EB37F0FBA1A59ECC67221955E45767"}
  provided: {"digest":"24A2E0A4264C9787A8DFF48FBF4163615532F5219A754F9AD649457D049FED92"}
  reason: "Digests do not match"
[VS 3349669] tcId 440: failed
  expected: {"digest":"98EFA4B0063567F73AA8F9C32417F6C0336E5508FA5FCF72B5F65B2204A0C522"}
  provided: {"digest":"8C6607D498662135A283E7C306EB0CC2186BF9354FAEB4E6C48A165474B116CC"}
  reason: "Digests do not match"
[VS 3349669] tcId 441: failed
  expected: {"digest":"22C313BA6EE6C94D0DE5E147F7C66FAB1A9973E443CD762DE01AB4B329D86065"}
  provided: {"digest":"46889FD70C44DC8579715B1FF7C9CCEBF1C30CB82A3C2E5815FD0AB67F777393"}
  reason: "Digests do not match"
[VS 3349669] tcId 442: failed
  expected: {"digest":"51E28EBBA2A7642D261C7489279D351D1B3B0BC83FA018BC88F7330AC18CAE52"}
  provided: {"digest":"FB3C9E0479D2DAE1FACF68C060EEE5E171B079660C96DB4A7569F7741AE990E3"}
  reason: "Digests do not match"
[VS 3349669] tcId 443: failed
  expected: {"digest":"2BD137C4E1406B0EC1A0DF8C5794E2373EC5050571E4BA898C63E63D0D3AE7B8"}
  provided: {"digest":"6253551F89FA3B93DDE3D7342861E51C1B8F520F28B4E6E3D8959C67836EF029"}
  reason: "Digests do not match"
[VS 3349669] tcId 444: failed
  expected: {"digest":"0E6474B819717F23B11AAFF6F209E5B1D862A57480C5B6EE48A3AEC620CDCF6C"}
  provided: {"digest":"1E42752835513626A35388018DF10C16D5D7A58036723401010D371886B636EA"}
  reason: "Digests do not match"
[VS 3349669] tcId 445: failed
  expected: {"digest":"8CDD08D9776EECF77C7C8D77CDA7E834F87FA61C7575D57C87EF977504FAF444"}
  provided: {"digest":"9AF680B4B3DD829E60CE4BD5575043C9E408149F4223F7FDAF83F0E7E9138C69"}
  reason: "Digests do not match"
[VS 3349669] tcId 446: failed
  expected: {"digest":"A6A6A9513D787A6A5C2428B12F405F1D255783C3EA116325D34818A54F595D62"}
  provided: {"digest":"B39C5A6D55519FDC0A8CD15590BDFA4677AC05B1621E726E782359AA79E1B458"}
  reason: "Digests do not match"
[VS 3349669] tcId 447: failed
  expected: {"digest":"7C1A587D4440131821E208AFC10228908B28E36C38A55210FB5CD215AE13C275"}
  provided: {"digest":"FF4E0C2B34C2955737F583EAD80CD6DD1A3E796C203707A26DED8AD7F5690010"}
  reason: "Digests do not match"
[VS 3349669] tcId 449: failed
  expected: {"digest":"C95421EC4FD8ABCA29B4966A37D5A63CB9455B3121C7877A42D1F085B453C4E3"}
  provided: {"digest":"210B2B015060BCFC7224A72A3E17BD8C232F63D5277EC6638F7440A6276A43BD"}
  reason: "Digests do not match"
[VS 3349669] tcId 450: failed
  expected: {"digest":"E881FB88DF4E8C9B56670109B44E90C5C1FCFEAE4BCC99A0654E26BB3073B517"}
  provided: {"digest":"3BEE9C8BE097277C81C2985E552D39D7B163B4215D974C5646FC835584D06619"}
  reason: "Digests do not match"
[VS 3349669] tcId 451: failed
  expected: {"digest":"08D9D8FE6B02E1E74A09FFED9D43702D3D964E54AEFB15D2EC11CC89917A5212"}
  provided: {"digest":"128E6626380399976A7433452D0072D3A5277B61CBA998AA3893103385C093E5"}
  reason: "Digests do not match"
[VS 3349669] tcId 452: failed
  expected: {"digest":"B4850DE89F57BA41F5AF996A186C758DE586F93741E414B7D1DB729F767BB87D"}
  provided: {"digest":"FE1832CB703072A0692284E939C9DA37F8F39A5D0258F852046C8C9F612BE704"}
  reason: "Digests do not match"
[VS 3349669] tcId 453: failed
  expected: {"digest":"64059F286A4B0FF8ED1BB6C7BABE59CD6442EA8A2AC261A6C0B2FE2952137C92"}
  provided: {"digest":"CDEA7CF4047F41FD2DA98659D43687F43F236AA1FDCB9C13299ECFC3A979B91A"}
  reason: "Digests do not match"
[VS 3349669] tcId 454: failed
  expected: {"digest":"60FAB1A623E9F2A9FF623DE947644BC8838DE4C4B3EFC8E045F1B2A6B3DED76F"}
  provided: {"digest":"68E675FCA47F7A4B93DCC2DF0B0350122A8AF5EFC8336536A524382E90FCBCA3"}
  reason: "Digests do not match"
[VS 3349669] tcId 456: failed
  expected: {"digest":"80438A24B12AF5D7E999059951902B6D8FA8E6345EA3D4853B8A4F91B3539CBD"}
  provided: {"digest":"503F40BF2231968F010A08440D7A62A9AEE422FFDD8C03E32077FDD3FED30F15"}
  reason: "Digests do not match"
[VS 3349669] tcId 457: failed
  expected: {"digest":"5F9E5C9B7FA2E39494DB590C5C41DC6FCC8C9A4F06331BCEA7CACF364336578C"}
  provided: {"digest":"7FC558B2A4BD93A3A4ABD1F34F6CF8FAD784D718B7AA77A6B54B4221D1C50E97"}
  reason: "Digests do not match"
[VS 3349669] tcId 458: failed
  expected: {"digest":"BAA69F89F50B15F5BC9BA449D46E156BC8AA3698F016A649F15CDF53432E4EE4"}
  provided: {"digest":"BA3D01039F51DE738829EA3F6B4111185F6344C932A0CF391E534BB6D1EFAB93"}
  reason: "Digests do not match"
[VS 3349669] tcId 459: failed
  expected: {"digest":"A488DFD2B285406F60C35F6CFBC7B66C702F0F9CD52B0E99B8E0DBA46A70F145"}
  provided: {"digest":"A52E24A5ABFB75FB8EFEBAF0ECC39ED5A20E7E58887D38BF81B02D9B83FC1D92"}
  reason: "Digests do not match"
[VS 3349669] tcId 460: failed
  expected: {"digest":"C5CF7FD3B7967C9AC74CB9D172E1031B819E3A1B16F6EFB25CA527BD1AA9EC91"}
  provided: {"digest":"2B01BB11F1807AD527D1B9B8DC01981E3874D0FEE075560FCF665BD7FBF26F5B"}
  reason: "Digests do not match"
[VS 3349669] tcId 461: failed
  expected: {"digest":"6BC8978A292AB52D725D91864446E3EA2942E222B19D5DF41F06E0B792F48409"}
  provided: {"digest":"4CEC4EB44ED3590BAEF005F06E5FBF8D7888D66217137CDBF35B0A8837868E03"}
  reason: "Digests do not match"
[VS 3349669] tcId 462: failed
  expected: {"digest":"93A1E810548AF38802AF6EF25DF67B6DE34405E279C4887EDB3358304F9F209D"}
  provided: {"digest":"1CBF3BEF638C4515F0B411CB3D24673E799FFE216DD80FACB6691CAD51948BA2"}
  reason: "Digests do not match"
[VS 3349669] tcId 463: failed
  expected: {"digest":"5143CA0648BDAF3E9FDAB1995535201683D55B6F3E12EE735ED126D52B7F88BF"}
  provided: {"digest":"28C623C7D36CD758547DDE0C95692838CE08E3EF3B8025A262FBBEB351004C4C"}
  reason: "Digests do not match"
[VS 3349669] tcId 464: failed
  expected: {"digest":"94DA5E71E5153EAD5A418BECDA535155C3A235F3FC5A0DCA67F406D8F963A7C8"}
  provided: {"digest":"F780E18E7F74ACA87B795259D45848758B493AF93FF29C989A8DFBAD7AF97613"}
  reason: "Digests do not match"
[VS 3349669] tcId 465: failed
  expected: {"digest":"87311ECA0B22BE2776639B5BF50344534A036D3128597BDBD5995DF083708752"}
  provided: {"digest":"F835DC2973A25E512E5769454C69CC79B75A4CE1A18E52D945A79C932B6236D2"}
  reason: "Digests do not match"
[VS 3349669] tcId 466: failed
  expected: {"digest":"3B1174194B6064202966886A5079DD77422CB54D075C679BE6AF47A47384C8D0"}
  provided: {"digest":"295C0A603AAE4719844DC3459461EF08201E98EF66B294A2AD0C6A2D46503252"}
  reason: "Digests do not match"
[VS 3349669] tcId 467: failed
  expected: {"digest":"A181CD2D3A1AC25CB4C57E0D37DE9AD37756E8FD7859BE78D34025CDB902843A"}
  provided: {"digest":"81AE3C28B91AE9E493C22D306BC6E6E7CF4B4253563A532E5FB3BEB1850435EB"}
  reason: "Digests do not match"
[VS 3349669] tcId 468: failed
  expected: {"digest":"E8935B5DAD63E0CA44B217DC1AE9A39275C563DD3EFC2258B6F78BD6950BA766"}
  provided: {"digest":"7FD7752EF729D8CC5E141265A0A596658939753647613AAA3E97FF3CEB655D10"}
  reason: "Digests do not match"
[VS 3349669] tcId 469: failed
  expected: {"digest":"23A5DFFF70FFBB3999C03C6918D5A9062B217DFFB0714A6E539AB9DEA3F73A29"}
  provided: {"digest":"5628A16AC8B840F7E92F39E73ECDEA45D5D0AD330991EAE2A8551E2F284D90EE"}
  reason: "Digests do not match"
[VS 3349669] tcId 470: failed
  expected: {"digest":"FB4D9A9E79893A455F089D78DEB5D10B396F2A8685DA9CA76496DB2BB918FE41"}
  provided: {"digest":"4EC6829F1D6E98EDDB8A4C0CB1709935652FABEADF97620A37D3A7A38FD1EED3"}
  reason: "Digests do not match"
[VS 3349669] tcId 472: failed
  expected: {"digest":"1A9D5DDC53505941B9461F1EE04D3B1958BA1C6C67B43960CD20676B4C628409"}
  provided: {"digest":"7BEFDC0D0C5A15A0869D73F4C24ED777FBF0F5FAEB29C2E28336076E6936322A"}
  reason: "Digests do not match"
[VS 3349669] tcId 473: failed
  expected: {"digest":"6609A906ED7D641E6F08623B7F0E16963D74BE14AAD7699AB53932ECE37B48A5"}
  provided: {"digest":"F1AD579D276C325A8ABD92C97C9564339025657D870952D2C5DFC4E2B9046D1F"}
  reason: "Digests do not match"
[VS 3349669] tcId 474: failed
  expected: {"digest":"5E2235C8EC24CDADC8E25892F93D58B24465A7A699690F40B907ACAE8171B03F"}
  provided: {"digest":"57242F58F7D9892646586DBAB04A96E98CEED92922D636E8EAB0C5CBC56F3F5B"}
  reason: "Digests do not match"
[VS 3349669] tcId 475: failed
  expected: {"digest":"A19971C678C50B8AB5F47F8B42EB5124574C9A6C6AB1B094A702696D1EEE28C6"}
  provided: {"digest":"268C0A76C1F0CC48ACCA5B89FA37EF3DC2D1C539A18567BB0CF311E6771C1BE5"}
  reason: "Digests do not match"
[VS 3349669] tcId 476: failed
  expected: {"digest":"7258F551C38AB6598678E5E40CA48DDAE79845BA5E5FC0BC188849BE5DBA350E"}
  provided: {"digest":"3820E1D759FF96D50FF1D9E68BDF219A037A400B9456EAB2BCF8422F66B31338"}
  reason: "Digests do not match"
[VS 3349669] tcId 477: failed
  expected: {"digest":"543BA9AEE034AD114BD804A8C185F522BBDF506115578930B07BDEADCA6A873A"}
  provided: {"digest":"432438167EA75FA00F4331CAC3076FE39B198D420A79B96B4C2B237694A71428"}
  reason: "Digests do not match"
[VS 3349669] tcId 480: failed
  expected: {"digest":"CA44CFEAA82107B9A50DC21295177934A0EBB7030FCEF3FF76C5EFC78B7257A7"}
  provided: {"digest":"01FADBE2CE24F632BCDE47BBB04EB76B9DD5C4A89C96A790B970C867DFD72F08"}
  reason: "Digests do not match"
[VS 3349669] tcId 481: failed
  expected: {"digest":"D8C494F8DE9A5FE0A9307B48E45D498495842E03A0FDAC4F55346EFBC5869911"}
  provided: {"digest":"0E047A1820E5A17FBE60CEDD7C78D5D7A41D727E6402D518301421D2EFF8E61D"}
  reason: "Digests do not match"
[VS 3349669] tcId 482: failed
  expected: {"digest":"46F9CC03A98874ECC1F17DE10515D53727193AC84E121835A25C1F8C4C1C1F65"}
  provided: {"digest":"A73AC62FC44B17455D18F77264F51AC4A68C19D721CA2AE0481D102D68C115B2"}
  reason: "Digests do not match"
[VS 3349669] tcId 484: failed
  expected: {"digest":"91834DA6D44628B1CA525198DDEC04EF8C6A0B0B8154068F5655618B7E9B847C"}
  provided: {"digest":"0D70C0EE5DBC04E7D1FA8A0203292DA5B0ED14EAC0DF390748855BFF0AA36AFB"}
  reason: "Digests do not match"
[VS 3349669] tcId 485: failed
  expected: {"digest":"C980A8C39633BA86449C5075FDDF0A8EDE992A71B1D1D92B12D2266B92230114"}
  provided: {"digest":"6B250FAE1481DD2BBC835A7785CFB4CB73BF2EC4FB61254E229A55212F10B373"}
  reason: "Digests do not match"
[VS 3349669] tcId 486: failed
  expected: {"digest":"C1A325C2871B077E4D9A4AAB00AF9894968CC36A8380DD7963554B7A3C6A5352"}
  provided: {"digest":"654AFAB54EC0B1BE8D25DAF8E8C6A9287BB89DA5EE70298139E422D80C0E80FD"}
  reason: "Digests do not match"
[VS 3349669] tcId 487: failed
  expected: {"digest":"D95E98A96F248A0301F35A7AF45AC5A76171860E794B15A0E4601D76BC9DB841"}
  provided: {"digest":"5F36DDD18211F13E1F5939D9F19BB49C0805F2198FA29299253AF1661CAB51C7"}
  reason: "Digests do not match"
[VS 3349669] tcId 488: failed
  expected: {"digest":"70815C56BA6C2CEBA082CBAE69FC156AB48033A45793343270B632476D3AB9E4"}
  provided: {"digest":"9C497FB669EE42B41C737A28FF65556C36C23A07990885BA3E826AF6EA754395"}
  reason: "Digests do not match"
[VS 3349669] tcId 489: failed
  expected: {"digest":"B06760915E1BB94C11752260E439DC406A6087CE34689B86B00DFCFFA6E6ADFB"}
  provided: {"digest":"AC531CD0E593037115CE1211DD455C2BDD23D69FBF544AF20107B9510D1E7FAA"}
  reason: "Digests do not match"
[VS 3349669] tcId 490: failed
  expected: {"digest":"B65D2AE72C6DC051DFFDD0F1C3A3479525F318FEA96E20705854CF737C76EA6B"}
  provided: {"digest":"6D8E5C76C1063537775082DEB492DB8A41B0B519F3A7FBC72FC71FB9AFD0EC4D"}
  reason: "Digests do not match"
[VS 3349669] tcId 492: failed
  expected: {"digest":"B2B1E1B042737394F36C3C624E8C8E8AF056758BB87810072DE04CD9D094EF61"}
  provided: {"digest":"79CB17AD5D2DA6BAC2333127E51476F27764A7FECA236D3B9677CACB18226D62"}
  reason: "Digests do not match"
[VS 3349669] tcId 493: failed
  expected: {"digest":"FCD8FC4A0985C756F6446F2605C65B60C954E352443204F486C543A1221318E6"}
  provided: {"digest":"AF450E757B9FB82DE646B5F9B9D4882EBFFC2B74CF5F54D45C097198A33FADCA"}
  reason: "Digests do not match"
[VS 3349669] tcId 494: failed
  expected: {"digest":"889D04349B7EC48998CD1C1F393F43B7C84E94A17547EADDA8547339AEC32A0C"}
  provided: {"digest":"F22D520DED83F5E9796CE7917B8DE4A147C4809B2431611F52B39C12520AFA0A"}
  reason: "Digests do not match"
[VS 3349669] tcId 495: failed
  expected: {"digest":"298CA59F787E654323130668833CBBFE5441FCBF97A902BBEA0B011F6E182944"}
  provided: {"digest":"76B74C85F65773FA0558C651D8618DB2EB21A28C31ED23FD8E1DE5FC9D5215B8"}
  reason: "Digests do not match"
[VS 3349669] tcId 496: failed
  expected: {"digest":"0BB10EF14E648C4D58C63B4384D563F73D94EB0AE3076A33DF3E57ED8342C663"}
  provided: {"digest":"6F78D8A0B63C2CC71CA0EBF3A9053F55CC27C9D82976CE6354B1CAB33B75014A"}
  reason: "Digests do not match"
[VS 3349669] tcId 497: failed
  expected: {"digest":"65A93F9EEB01D444EBEC65CE89A72D710090A4172593DB25BE1E8004F24B3882"}
  provided: {"digest":"C640772BF42B96466760667FA30F704BE4B7903CEF02069D21FD0DFF9B5AC5BA"}
  reason: "Digests do not match"
[VS 3349669] tcId 498: failed
  expected: {"digest":"0267AD729ADA9E92277FA1D32997987C68E55E761AEF5C42186162168CE1298C"}
  provided: {"digest":"99F04360614CBA4DAA494E100DAFF9F27D7A7C7545C5D7213BC9EC9883D0A353"}
  reason: "Digests do not match"
[VS 3349669] tcId 499: failed
  expected: {"digest":"2E5ABC4A3F33F95CC53E61479EB1BC9940EA951F1D2E180D2E4436286139A466"}
  provided: {"digest":"01A56F337E33D28268FF593D4D8E8324DEC2E15B407355F287E22A639A62A578"}
  reason: "Digests do not match"
[VS 3349669] tcId 500: failed
  expected: {"digest":"526C44B8F2E92675735573F1B3C73046622353A720E31EBC74CE7BBCF7970337"}
  provided: {"digest":"D7DBE29AD913CBAD6E747E5DF7EDA04AAEDEBFA2D76DFEF9308C6FAE4314BFB0"}
  reason: "Digests do not match"
[VS 3349669] tcId 501: failed
  expected: {"digest":"B972939AB92641347811523F0D475135F78CB3D8ED11DB9BFAE038209CF8B7DA"}
  provided: {"digest":"44A43089CD368A58CAF1BAA61BFFEF23C315843548890912D554C694A1EB10F9"}
  reason: "Digests do not match"
[VS 3349669] tcId 502: failed
  expected: {"digest":"80C8139BFE3E875FC2B66C91F77DBBB1FB7019F09C8A9F2A7945EA5279788471"}
  provided: {"digest":"49D4FAF8DBBE301FB695AEA4F8EA8D3FFBFCF3E9716B6391FDFEF051B3F11D48"}
  reason: "Digests do not match"
[VS 3349669] tcId 503: failed
  expected: {"digest":"10C6B2E8B6E99139971DEC5F2A8D54CCB26711C8756E8E0A18840A460C620C93"}
  provided: {"digest":"99286B306F2803DA509C41CF70A0C686A08F5070B4EECD036EF080444568C445"}
  reason: "Digests do not match"
[VS 3349669] tcId 504: failed
  expected: {"digest":"C096F8F19A06ACD90BC00AAF8B544BA425028D0864E7450A8651900E9EA0CF41"}
  provided: {"digest":"5E661651D1D340AC673BC76097160B1E8B71CAE028EDE43099BED77EC5EC31BE"}
  reason: "Digests do not match"
[VS 3349669] tcId 505: failed
  expected: {"digest":"44257AE2403F0D679281EA8D107E913CA24BE058D934FFE05F132327132237A3"}
  provided: {"digest":"EE05DF5DCF0B7A1381356870BDF78F42D24CE958AF40B4C6CF187A2F15068A81"}
  reason: "Digests do not match"
[VS 3349669] tcId 507: failed
  expected: {"digest":"4B80D9EE0164A5B670A1EC8A82B1F9E2CAD30E0F0DBE324089FE1ACEABA1226F"}
  provided: {"digest":"0C19C62B46500D2C1172442BD5ABD3E9615780698F30BD57EEDC6DDA2C239DE1"}
  reason: "Digests do not match"
[VS 3349669] tcId 508: failed
  expected: {"digest":"26038B2A17C1115668F2C67D035E4787DD042BE2C1CBD18645DFCB6130BA6F5C"}
  provided: {"digest":"B502CB0FD1C87288E92F4B76F18FD65662B1E77B0F8520772C110FC78E808A58"}
  reason: "Digests do not match"
[VS 3349669] tcId 509: failed
  expected: {"digest":"62A4A032FCE9799B072D08D1B52FCAC30F79DD85F70CE90A41CBEDAB3FA83B49"}
  provided: {"digest":"B368EBEC62766695E130DF630585C5D23A4A52A0DED98A4CE13511DFDF336137"}
  reason: "Digests do not match"
[VS 3349669] tcId 510: failed
  expected: {"digest":"827CBC6C2B0D17C2761B209D9448000EE4F47DC120DC50847369E17AC9A1EC6D"}
  provided: {"digest":"2298E3A2C64BA1D05FF4A666D3D64E652B7B94A71473652AC1FF6D3239030469"}
  reason: "Digests do not match"
[VS 3349669] tcId 511: failed
  expected: {"digest":"1CCD469FC366CC109EDE0FD7ADAF54BCAB28BB6AC7B889710FF04BB6F2801621"}
  provided: {"digest":"60F04A82471784C644E9D3A0C50AC6FF3D38FFB646CA269E26D3FC186F72D99E"}
  reason: "Digests do not match"
[VS 3349669] tcId 512: failed
  expected: {"digest":"A83C9C1DE56A4E41FD7738DE547BEE9D1D0D95B46B394BE14143D1F051627F44"}
  provided: {"digest":"E5ECC229370F0D78BEFD46C0BE33E4D1AF81FDD97199EA47C0D772E5100CC2A1"}
  reason: "Digests do not match"
[VS 3349669] tcId 513: failed
  reason: "ResultsArray was not present in the TestCase"
[VS 3349669] failed tests: 451
[SESSION 647252] summary:
  /acvp/v1/testSessions/647252/vectorSets/3349669 → <pending>
[VS 3349823] disposition: failed
[VS 3349823] tcId 1: failed
  expected: {"digest":"60FA713ED4250CB028B600C15E9B537FC8B604930315AB3C2F2A55671B1063E5"}
  provided: {"digest":"FC3DE7FCAA17812EA457F9B17EEA16869C040142EF2BDDE1CBE703434D56726E"}
  reason: "Digests do not match"
[VS 3349823] tcId 2: failed
  expected: {"digest":"BBBF94C73C03E38F0FC6DB57A47C5BC369B74D5FB9F7ECD5A8D3BC460FEAD2A9"}
  provided: {"digest":"B78CA90FE3C12A99FE930F427FAD80F00BB0CC26E92BE75639B848D2C9AB74A1"}
  reason: "Digests do not match"
[VS 3349823] tcId 3: failed
  expected: {"digest":"1D99DBF2E1FC34EF74B5A680F571CE6F0025283921FDC32EDD001A8980D86B39"}
  provided: {"digest":"F589A9F1AEE4F1ACAB8567ADAA47388A30A3BFC1EB9DFEF288B73C832DF1CBF9"}
  reason: "Digests do not match"
[VS 3349823] tcId 4: failed
  expected: {"digest":"B9DEBF7D52F36E6468A54817C1FA071166C3A63D384850E1575B42F702DC5AA1"}
  provided: {"digest":"76BE8B528D0075F7AAE98D6FA57A6D3C83AE480A8469E668D7B0AF968995AC71"}
  reason: "Digests do not match"
[VS 3349823] tcId 5: failed
  expected: {"digest":"85D67F5C027528E6FE45E3B874386B76B69A1CE447EF960AC58ADAEF40D9388A"}
  provided: {"digest":"502862F020A5BA5146B6231F32B0E15244C954FBB76CB66F69EFC86DB9C00EFE"}
  reason: "Digests do not match"
[VS 3349823] tcId 6: failed
  expected: {"digest":"AEAE52D05D9CFBF0BB7A8FE567E3D434195FA94F9CBB97CC0A18D66288B59288"}
  provided: {"digest":"DD22784326DE5B96879ED80FEF1A22A6DCD189D0265FAA8FA7166AD6390A98E5"}
  reason: "Digests do not match"
[VS 3349823] tcId 7: failed
  expected: {"digest":"FEC69AF12E4A0E88E94AED60CC70968FF7AAC794F27EFFF9556258F74C0796F9"}
  provided: {"digest":"35D3E530FC50BD96FA2AB1E94D30D5A0DCD9454C02BC542BE33D20B92CDADFAA"}
  reason: "Digests do not match"
[VS 3349823] tcId 8: failed
  expected: {"digest":"8B8B25742A21959609F1B44EFBCD7F2D1BBAE3EAD3679783D5D3F43CCA6E2617"}
  provided: {"digest":"07024E0A1B19440BE3C841F14A7C4A24B4F4D9EFB2B130DB94178D1411706DE6"}
  reason: "Digests do not match"
[VS 3349823] tcId 9: failed
  expected: {"digest":"E3FC54FBE8C790F53D3CB1120BF15C17028129851AC7EB00E5F2430F2BE32CF7"}
  provided: {"digest":"E58D8A21713D8BF3516EBE74A29963225C68C61019D3EAF4E2A5F1A015E84388"}
  reason: "Digests do not match"
[VS 3349823] tcId 10: failed
  expected: {"digest":"7EE26CB9E980DC17FDD50D61F947F15D96DDD2EE4C9A2421A791C7364CE3253E"}
  provided: {"digest":"F22DE4A69B0412A8D58790F8726DD15B3B32360547CC3107478E0FD57C3C947B"}
  reason: "Digests do not match"
[VS 3349823] tcId 11: failed
  expected: {"digest":"0B0C8C796426D1A34F24C27C7F4939B570104F71B9F45DF139BBB431CEB2CD68"}
  provided: {"digest":"F1DFAA3DF338FA49E8325CBF62BC13263465652C744823036BA2B61CD71B499F"}
  reason: "Digests do not match"
[VS 3349823] tcId 12: failed
  expected: {"digest":"F7516CABB4F848FDD79601F0A91A514A820F94E97486051F4C622C06142CD759"}
  provided: {"digest":"0F5195498F797BCA756A6F1804F48BB673455541A2A6E304BA6C9BF8F056C835"}
  reason: "Digests do not match"
[VS 3349823] tcId 13: failed
  expected: {"digest":"46BBCD93F85197CF7898E302509A05BA5D158C6AC119E302B5DEC5ED710D20A0"}
  provided: {"digest":"E29AB01F5DDAEA67AF494459BA5F1EFAC5F109FFEA5E59FD182B8EA366124359"}
  reason: "Digests do not match"
[VS 3349823] tcId 14: failed
  expected: {"digest":"385EA68683731EBF357F7793AC2889BB485AB639689C4B32D4836BA61AA5F6AE"}
  provided: {"digest":"1D14FE8E8A0643053BF9C88437FD9A6A75A085A582298F03DC7D7E51D26761C7"}
  reason: "Digests do not match"
[VS 3349823] tcId 16: failed
  expected: {"digest":"A888D212640F882082F93A9B143AA1B0EC0C83B78FEB34BCD249F4FE207FD93E"}
  provided: {"digest":"7F691C570832E3E8E7E3E0D3314C9A58E10B46D429CEC1C4D869400888AFD5B3"}
  reason: "Digests do not match"
[VS 3349823] tcId 17: failed
  expected: {"digest":"CA10E166BC32CACDF15A763B227DB683DADED4F2C72088E14D77279043C165E4"}
  provided: {"digest":"ADE37D054DD33A07C52AD0F8EB150F8195375B4FB54A7256BAAC7653C5CF14FB"}
  reason: "Digests do not match"
[VS 3349823] tcId 18: failed
  expected: {"digest":"9818FF4A6DA88BDF0EF6E13B986E66A463BAD439206CBBBD43BB699787104233"}
  provided: {"digest":"7EC112C4530910412F5C20C0038DFF7240ECAC9D8D317D85025F0F524BD944B8"}
  reason: "Digests do not match"
[VS 3349823] tcId 19: failed
  expected: {"digest":"788FE0BE4A04A3631FB1E1517168CEC27DCA3A968C9B360D61FEC271EC959E0C"}
  provided: {"digest":"F2CE0E05F2FA8E00277357B05733E3BCB2C1BE021BABA87E9DA062346DD21E02"}
  reason: "Digests do not match"
[VS 3349823] tcId 20: failed
  expected: {"digest":"183901BB3171D7FFB9FC284E9C07D5457ADFD2616CFADA1CC4B0B3E00F2EE291"}
  provided: {"digest":"E80DDEC404AE249BAC02F376F5A9CF3CCEF3AD91D2F6243967CDF14CE8483A15"}
  reason: "Digests do not match"
[VS 3349823] tcId 21: failed
  expected: {"digest":"17BFD738E21847E50E9A47AD8A58FCE667D4E652042436F0678737070C1DB4ED"}
  provided: {"digest":"5EA056D072A91320552F6F43C5E98E44EC81649BD2A5DE72E26B5CA9B37DB514"}
  reason: "Digests do not match"
[VS 3349823] tcId 23: failed
  expected: {"digest":"5E64ED835120451E5B76B6D5513620197296D2D183D11EDCE26FD568A1E7B397"}
  provided: {"digest":"94121A01ACED041169653F5F3EF66AB617B24C859C7D2AAB59BD8DF371DD842A"}
  reason: "Digests do not match"
[VS 3349823] tcId 24: failed
  expected: {"digest":"564AAF4B21A89595A52744CD4C3E17631C3FA78288DE74D2EC48B0A032762FEC"}
  provided: {"digest":"E34A26AF93215DF718C77A5E20DE24F307F7E8F4B7081238A723724263EC3F9B"}
  reason: "Digests do not match"
[VS 3349823] tcId 26: failed
  expected: {"digest":"7C932F4B49FE582DFBECF5CAA101AB520514333644AE53A4A2B56379BFD692FE"}
  provided: {"digest":"04AF1EBC9AAC1F120B65D8CECE1AE5891EEA0B4F3D0F970F0A2DD4B9AAFFA849"}
  reason: "Digests do not match"
[VS 3349823] tcId 27: failed
  expected: {"digest":"569FF8B0A84F17BD1B1F638DADB33E68C7BDD7297549E03795F7397BE270200F"}
  provided: {"digest":"3D626642430DCEFB38C633998C24CF0467D3B8D86E7CC953D7F27E2E58993591"}
  reason: "Digests do not match"
[VS 3349823] tcId 28: failed
  expected: {"digest":"BA86B6133E372F94915575EF373C68D562AED632035C34AECF71AFD5F2B45141"}
  provided: {"digest":"2B78191AEE15E4A47CC87AEE57DD170377DCC50CC52DA77E42A9FB4AB62861A1"}
  reason: "Digests do not match"
[VS 3349823] tcId 29: failed
  expected: {"digest":"2C6627FC6784B094F31B63305CC8A523830D020D64C604E038DC65E967F80F38"}
  provided: {"digest":"A01C20C400F4F177FA4D4184B30F4DE10AB64262E2AE726E18DBB3C46BC0F863"}
  reason: "Digests do not match"
[VS 3349823] tcId 30: failed
  expected: {"digest":"4259CC6B0EB6F2F45C6A973934DA010D00098EB741A1B42BFEE27DD1AB5523C1"}
  provided: {"digest":"CD12D0DC22C1D1DACAE57EFD2534E75DC5CC1FEA34AB4DABD3763EF1219DB04A"}
  reason: "Digests do not match"
[VS 3349823] tcId 31: failed
  expected: {"digest":"85E3740D8A2BD7A0323AF9DC62B8D4D0E9B2728CB95112E302B2C5A11CC95F09"}
  provided: {"digest":"429183C0BF1B7677EF7E1C9C96CC7C9E5B15B10E2DF5CDCA478A7E8D196D7A87"}
  reason: "Digests do not match"
[VS 3349823] tcId 32: failed
  expected: {"digest":"D38511586AF7B1A335AA0839E710ADCF3A57757BAF6777624EE02EA3D6D85344"}
  provided: {"digest":"F3227B30DF7A8211B76A21283DC517D4A9094C339E314FC5F2B110C501AE3A4F"}
  reason: "Digests do not match"
[VS 3349823] tcId 33: failed
  expected: {"digest":"1BDE1DE2CD2201E5B743E3B7D0C24F96D8D200D01D3F7FB52D9EC1F1B4203828"}
  provided: {"digest":"84961F20AF578C3FB8ED19C6B230BA276ACB012D4AB6495365A10191B8E69526"}
  reason: "Digests do not match"
[VS 3349823] tcId 34: failed
  expected: {"digest":"F19B08BB69FC1CE9298538AB06EC0584D7A681A5AC9B8927A4E6B1E36560AF19"}
  provided: {"digest":"6EE89F3667FEAE169B56E28F5D04BEF7963B7B4FAE42F335B7495F1A2800A557"}
  reason: "Digests do not match"
[VS 3349823] tcId 35: failed
  expected: {"digest":"AA83A5C43EBDF8CF13691CAD909419B1091647CB0E804B59E5B2257F37DAD990"}
  provided: {"digest":"0049F6516B1EA181F3D5F0EA1465119A1460766D8C78C8F7BABC6F9128C56DB1"}
  reason: "Digests do not match"
[VS 3349823] tcId 36: failed
  expected: {"digest":"EB3EC422B1AE76B456C699350531012D9549BEB47368B7B9946250624D489A2A"}
  provided: {"digest":"B816B328FF2D6925E1AA66425094E464540AD23F0EB296E9568CF4C476E4D9BB"}
  reason: "Digests do not match"
[VS 3349823] tcId 38: failed
  expected: {"digest":"F042A89886D33259DC69127CB22D47DDA15E1886E95C4DE99FA41ABC707BA99F"}
  provided: {"digest":"522CBBB732F174487CCC321881F7C40B5DAD76A86DED9E4C777E87618073BAA6"}
  reason: "Digests do not match"
[VS 3349823] tcId 39: failed
  expected: {"digest":"5402C47C919F03C8CF23C0015D35991D022904F500CA20148B2E39598A67B4E5"}
  provided: {"digest":"56F44CB1FB8BE91394AB533A84B8CB9C3ED1015F73871D3BC4ADB47105525C8C"}
  reason: "Digests do not match"
[VS 3349823] tcId 40: failed
  expected: {"digest":"9D7139D1C93086C3CC8B208704FDFCB4CA8C60EA1311474BE10C49EA0278E1FE"}
  provided: {"digest":"B4FEAB6CABB3522B4319A33DDEA92D8B99284ABBAFA724BA623FC791DCFB6F3E"}
  reason: "Digests do not match"
[VS 3349823] tcId 41: failed
  expected: {"digest":"A91307AA4AEEB7EC9F979523DB585C336B40A9C213BF08D706322A3CE293CF13"}
  provided: {"digest":"AF1C5FBB8954B94E0FBBF22E808A5B02B82560DA1432DF5C76BB1CDA34D494A8"}
  reason: "Digests do not match"
[VS 3349823] tcId 42: failed
  expected: {"digest":"AC3E150F9F94364826975DE400522A618F4E9D49EE444D9721053A52A0948E42"}
  provided: {"digest":"F9542170E7F49D969CB7AF3ECE5E40218ABFAC7C7D4AB29225B0FDA8D73926F2"}
  reason: "Digests do not match"
[VS 3349823] tcId 43: failed
  expected: {"digest":"745A9EE3AE52C5B8C2A13463AE856F8F8652BE80010D8202D922790FC91A5848"}
  provided: {"digest":"EA86431EDAB723135A0017A4FD11DC035D71682650381ED0BF4E5FAA3390C000"}
  reason: "Digests do not match"
[VS 3349823] tcId 44: failed
  expected: {"digest":"303853F053773953704C8D5DE8DBE04318537C7322A1BF8624EA0887EF426611"}
  provided: {"digest":"BA8743B936FB662EACD2573093063F9D2552A071F98F4B767B8D2EFF52A42972"}
  reason: "Digests do not match"
[VS 3349823] tcId 46: failed
  expected: {"digest":"DBB30A12AAC291717092ED3F99A1723A4E5AA6D6A3BBD1172781520E2B13026C"}
  provided: {"digest":"CA346C738A51D79F6C36DBEC6104FAAA852AAEA2E7EE853EF85A91ECBC6E0388"}
  reason: "Digests do not match"
[VS 3349823] tcId 48: failed
  expected: {"digest":"2238ED572987948B47336AC5B0D99FB23DECA6083FB5F0C6E038E780A9468822"}
  provided: {"digest":"9ECC73CBB1B4A1E2FEEDC5D837A1B27908BABA5F02B3CD8206917196B73E3A90"}
  reason: "Digests do not match"
[VS 3349823] tcId 49: failed
  expected: {"digest":"DB226C2D129A5628DE1584053F3377ECFE3B279978641187CE75E1EA642026DF"}
  provided: {"digest":"431DF4AA12C95D89785679D0E15E62451EF8E155418AD02D42F84134FCED0189"}
  reason: "Digests do not match"
[VS 3349823] tcId 50: failed
  expected: {"digest":"7AEBA72FDA883F118393C9FCAE39721365A811B0EC818593FDFA89A12C9B1AB9"}
  provided: {"digest":"DAF0B0D5537B60D16FD3CE52CFF93301FCD1F172E5886283A118884E45F9980A"}
  reason: "Digests do not match"
[VS 3349823] tcId 51: failed
  expected: {"digest":"100A14BBD068CF4D7C7CDAAB19DB3C46AFF8BBF29026CD12FC2417796A414EED"}
  provided: {"digest":"21B35A1DE6DE1F66F0A5A1289D888BF5BDC5899FC135B7A1CA2243D57B143A97"}
  reason: "Digests do not match"
[VS 3349823] tcId 52: failed
  expected: {"digest":"E9C5630912F580397487D8FDF3669964708BDA1DF593FB24257F1B25372D553B"}
  provided: {"digest":"D3CAFCC9195D367BE18C78D7953009FA011478A663B0AB8FA7191650DDEE03DB"}
  reason: "Digests do not match"
[VS 3349823] tcId 53: failed
  expected: {"digest":"9206D1874695154B9779434959DA282B21BAA0FEF8C4301FEB0B914AEF457B5E"}
  provided: {"digest":"465FB81FC58925B657B5ED8F55C62E344AC03D0C81465595C830257A2C27CAB0"}
  reason: "Digests do not match"
[VS 3349823] tcId 54: failed
  expected: {"digest":"33F29A217481622B389A4ED0477DA19DFB5F6D6624DA8E15E7F58E7EA1CD4D36"}
  provided: {"digest":"9B291DF330EF8164170EC6AD7CF2EE997F4330D6DD898477D275667B6EC10B1C"}
  reason: "Digests do not match"
[VS 3349823] tcId 55: failed
  expected: {"digest":"28D1263DD3BDBA18D23FB132B7E665D23B32B25B08AB09CD2956E1B69757671D"}
  provided: {"digest":"8E9FD0C234023730A24CE446D7E07C829DC596681872BCEB4D2C732CABDE4B9E"}
  reason: "Digests do not match"
[VS 3349823] tcId 56: failed
  expected: {"digest":"7420AB9178B903F7F48731F3E19C828FB0DA0223DB30E82D0682B5B957E6E8A0"}
  provided: {"digest":"8699C5933180A45678B13279E238947CEA200215F7C094BEE208598E9107D257"}
  reason: "Digests do not match"
[VS 3349823] tcId 57: failed
  expected: {"digest":"4398F8C0D0B18BC82F9BB17E78933CD6B89BDBD30F5470DA478A54A304C24A93"}
  provided: {"digest":"FB7B1AFA3FA8BBC3D9E724B08512B7553A5411915846D8EF647E63288CD594F0"}
  reason: "Digests do not match"
[VS 3349823] tcId 58: failed
  expected: {"digest":"814325A252B0EB457AFF54F85684D6D241D369E3EF08BA20B980F739AA346817"}
  provided: {"digest":"7F16D5A694E09A0877E0126BBFAD5C777ECA304769D886268DDBC564C1160E34"}
  reason: "Digests do not match"
[VS 3349823] tcId 59: failed
  expected: {"digest":"2339099183BCFB33A8C6F0122E638F275798ABFF0ED22945E8EA602D3CCE8AE8"}
  provided: {"digest":"FE489D74F2636432C247D3E86E92636B82F8DEF894FA22994A495C7719BF9385"}
  reason: "Digests do not match"
[VS 3349823] tcId 60: failed
  expected: {"digest":"D340C4B3608CE18E43C666BA33D763FAD63CA7F7AE28E38E5E4F595B23FD81B8"}
  provided: {"digest":"B917DCB7FF60F231E5175155CD725E71933E46E0C75F3C441FA0287C89784A36"}
  reason: "Digests do not match"
[VS 3349823] tcId 61: failed
  expected: {"digest":"4C40CCD7F3A62BE249995B769FBE959AAF35DA251DF7FF0E2C9833B46E412B83"}
  provided: {"digest":"C5F0D2E6C9E2E6C108485F1B19A609C81FB86F7C1936EAD28F5A194B9F929869"}
  reason: "Digests do not match"
[VS 3349823] tcId 62: failed
  expected: {"digest":"8D91D4C0189A8857F5CD143BB48A764DCAD5A761F6A8253440581BFF684ED6E0"}
  provided: {"digest":"7D3EA48CE76F090DE6506A45E1370F49A059E7B5690D1D8DB271613E7534FF3D"}
  reason: "Digests do not match"
[VS 3349823] tcId 63: failed
  expected: {"digest":"BCE47634D956296656353B968B084F5D201D785E80A354E91F741F876220A636"}
  provided: {"digest":"5A86823FA28E6BD0B709224B1C3136667BFEBB4E6B9B82825D245D38B846699D"}
  reason: "Digests do not match"
[VS 3349823] tcId 64: failed
  expected: {"digest":"B2B9B4F2C4D6A0A3705596572314B5C57932A8DCC33ED319917910F9C647B0CD"}
  provided: {"digest":"53223DA7EBF8C9C560CD83E6DA55D53707D021A55B391E2C070882F565FEBCBC"}
  reason: "Digests do not match"
[VS 3349823] tcId 65: failed
  expected: {"digest":"190A8232F83EF0D82123F2DF524823B87246024FB671F6EB5B79970333A196B9"}
  provided: {"digest":"9DF84CA08870D32F6DF5FC06E6B79457D4A8FD043260549EA76DEA9994BF6A26"}
  reason: "Digests do not match"
[VS 3349823] tcId 66: failed
  expected: {"digest":"F3F905F3748AC8C2CA4D8AAAC95BA1F6D62CE095039FB7F3E7EC68A5513E0AC9"}
  provided: {"digest":"BA6425E2E1B3BCA5A68AA68D8DB4F5236615D03C996720C446B8D9F638A8153B"}
  reason: "Digests do not match"
[VS 3349823] tcId 67: failed
  expected: {"digest":"9C68C6219BAF735D97AF6D1E2D198691AEC0E1C27C49EDF8347F298855B41910"}
  provided: {"digest":"F8EAA76EE0E9DC73A4E31251E14B8618FE5C8948DCC61639285B27E0D4737C52"}
  reason: "Digests do not match"
[VS 3349823] tcId 68: failed
  expected: {"digest":"1A8A0C973DCFF1AE5BCADA9D1997B6F708C1C03A90594D3304253B9CBAAA7F74"}
  provided: {"digest":"6DD7140D916F5B36B8E81E4B43CA5932134DA4F82D8330C8F35B891219B34B82"}
  reason: "Digests do not match"
[VS 3349823] tcId 69: failed
  expected: {"digest":"40C915145FB5B05A5874DB4AFF70358869DAC22D450350E4148CD2626A31F19F"}
  provided: {"digest":"BCD675FC06F5891C83925B2B0A94A50FFAFEB51EA1884ABD25F2DF6FE5B538DB"}
  reason: "Digests do not match"
[VS 3349823] tcId 70: failed
  expected: {"digest":"70367D6E62D3C411BE205BBB0C20F448B77AF735846BB93987B943678DE039F6"}
  provided: {"digest":"D7D5B06FDB2B90C1F6E4D34107F1E68E8173FCC7C74A8FDCBED468D75DD2339A"}
  reason: "Digests do not match"
[VS 3349823] tcId 72: failed
  expected: {"digest":"2114345A64A97871D670F7ECA5DC821CBC603047A781FBF26EA001AE432421EE"}
  provided: {"digest":"2EDDB29837457EB1654621B8CCDD9662AA41AF21A5EC739D7E78D46E15BD55D1"}
  reason: "Digests do not match"
[VS 3349823] tcId 75: failed
  expected: {"digest":"C86E24807DDF264D7A9A29298C166374BD53D48CC8118F7610691CD61FCF02C2"}
  provided: {"digest":"F71C3885C179E75488B03CDA550CF53C9D27F93454BEEE6DBC5E57E95B8B4A5B"}
  reason: "Digests do not match"
[VS 3349823] tcId 76: failed
  expected: {"digest":"CC23101E25F6F8F7F1F95BD600323DA79FC8B5438CBC9A73962FE70E6E66A9C0"}
  provided: {"digest":"3303538726C6D7FE5F3F32801A912070C46190946FBD4793043E64A2645979F5"}
  reason: "Digests do not match"
[VS 3349823] tcId 77: failed
  expected: {"digest":"A480A1FADFBC56E13B0DACAEEDF607C892D508CF491CAFA182376729D4FD018E"}
  provided: {"digest":"BD880B6F545A0A3A252C25F8E2C3F1B17A4D1F69A34E2C2449024939B9D7547B"}
  reason: "Digests do not match"
[VS 3349823] tcId 78: failed
  expected: {"digest":"4E4F45CD78188D1B5AE79FEC979287397A0F5C5010AF387018F3F9D61266C528"}
  provided: {"digest":"98EADB01A0A3508C2614B4610429316C5976CF466CC5E3E1F2A16FC82D82F01E"}
  reason: "Digests do not match"
[VS 3349823] tcId 79: failed
  expected: {"digest":"3194724372F6C8C06B2D4A7AA716A308B6E07026FC4DB6EC188B8FECE76B8FE5"}
  provided: {"digest":"146415A0CF45FE8C4EBD905EF1C14DE981C586582A1F6567533BE817E83090BC"}
  reason: "Digests do not match"
[VS 3349823] tcId 80: failed
  expected: {"digest":"298CD2A6F048EB4904102E4340FBA5C0C8568160E9B3DA2D0A312F3B808AF360"}
  provided: {"digest":"2B38EF37D3C0EBF2D429E11A8A78F3E5B2CDD61C4AAD014DBA540A2853A8FBED"}
  reason: "Digests do not match"
[VS 3349823] tcId 81: failed
  expected: {"digest":"BDE8F1FE835A52BD9EAD7982861E19CEB47A990AE2D12B20056294E41BF53CED"}
  provided: {"digest":"198541FDC62D6426E8667774C690B32DBDFE61958A435D66C90BEB09373F5714"}
  reason: "Digests do not match"
[VS 3349823] tcId 82: failed
  expected: {"digest":"EB1C6D2F3AEF789EF6940690081665648A97B6AEDC4C9B6BD647CADD8546A84F"}
  provided: {"digest":"A78CECF43EF99F94CE2F67EB9F8E4B47DBE84A705E18643B559F789CF0B5E7C2"}
  reason: "Digests do not match"
[VS 3349823] tcId 83: failed
  expected: {"digest":"31438B4450E661A558DA84C2902648EF593F98CF66AD2FEBD8EB0624F12AE49C"}
  provided: {"digest":"CA06ED37600390D1A403F6EBED982FDED942789C9414B8030F63273B70C6B813"}
  reason: "Digests do not match"
[VS 3349823] tcId 84: failed
  expected: {"digest":"C601CCCCCAE4405497708CEE0AD92CC509B4B5BCBE53D30AD82E2A47717C18E7"}
  provided: {"digest":"291D89045B50234718244805F177D0953F5B787D4511A4194E5F9A15EAE62430"}
  reason: "Digests do not match"
[VS 3349823] tcId 85: failed
  expected: {"digest":"95156ED2B8576084DA91FC84341B97E98ED8A10A0648A2C7BE0200484DE26929"}
  provided: {"digest":"542AE05AC29DB638D8E0A438E9FE4E67E328CF9696A7E6A6BF8571385E04FA60"}
  reason: "Digests do not match"
[VS 3349823] tcId 86: failed
  expected: {"digest":"FB24A0760F0F639AB934EE7E3322674A4469836243C817BE2DD48ECD245F26E6"}
  provided: {"digest":"FCC619EB444C0D1B57B353E73D54C24BB2CBBD5DE5C218FDD8A5C710BA8E78A9"}
  reason: "Digests do not match"
[VS 3349823] tcId 87: failed
  expected: {"digest":"C31298D96611F793A56F7F2A4E8AC3428D5C91278B48F86791CEDE683C46D4D2"}
  provided: {"digest":"3787EAFF0BA1644F169894D2EA06563F0D945FAAAC2A788EF9F05A5B9A1DADF5"}
  reason: "Digests do not match"
[VS 3349823] tcId 88: failed
  expected: {"digest":"3C3C1A1C5E9E610128242B50CCA13AE50910B2C789E6A066E2FF79F29FCA9079"}
  provided: {"digest":"64450939173CE0A8D75659265F29B816270A9755815C5D1A43D474E51FDDF515"}
  reason: "Digests do not match"
[VS 3349823] tcId 89: failed
  expected: {"digest":"395C62023514F9E473ED8DFD1A14B9B62D6DDCFE360F46C03F18C5B85933C5DD"}
  provided: {"digest":"6EC84FC005376F1A29A8AB556BD4DA6906F079327ABB25302AF377433C0F0E6E"}
  reason: "Digests do not match"
[VS 3349823] tcId 90: failed
  expected: {"digest":"26C2342D499CC12CDC5375E69D3E9134B67A676268F571253111FE4F2B6FC4D0"}
  provided: {"digest":"06A9D3F786EAA1ED033F82052111B22BD160BC7159D9CA51DE353A0C92D174B2"}
  reason: "Digests do not match"
[VS 3349823] tcId 91: failed
  expected: {"digest":"BA4E7AEC8F2EA6EE09403E85AC8EE18D9BB4B068BB42245130425D7F3D6B323C"}
  provided: {"digest":"E51DE83487C6E0CFF2EBD080E6213660B10E2C0F1354972B14299F2AE1A56F3E"}
  reason: "Digests do not match"
[VS 3349823] tcId 92: failed
  expected: {"digest":"2703480412C42FE35A8544599B6F2BA2E868DE85A761C304A0C13DE60B304B27"}
  provided: {"digest":"AA488761F7CB452C966073D056A9C94115B54C95108CF3E53E1135BF4B34B612"}
  reason: "Digests do not match"
[VS 3349823] tcId 93: failed
  expected: {"digest":"AE9D27F8F4DB3D38543CD8B8BC84D066CB364449D7AAAEDC088E729713CE59BC"}
  provided: {"digest":"32844B5CFDA46CEEAC8769D243D3F0D695E782DFD7CE00A9F4CE8732C0733C94"}
  reason: "Digests do not match"
[VS 3349823] tcId 94: failed
  expected: {"digest":"E0D5E4BF7384D88D82DDFB4D990AF1350238AF792747F3DB4DB3F265EC945746"}
  provided: {"digest":"5FBE2D1E49E0D7854A28EE24F0D55EC2B9E4548935ADBDD3CDBC84D337A24375"}
  reason: "Digests do not match"
[VS 3349823] tcId 95: failed
  expected: {"digest":"8E3935488A593C1BA2770A85B2D627B01055A6E04CC07A26672602513C487371"}
  provided: {"digest":"ECEABEB66DE3C06796CD688E92BAE58EC6B38F2E7DEE9EFFF10C7B10FC77A211"}
  reason: "Digests do not match"
[VS 3349823] tcId 96: failed
  expected: {"digest":"6F52AD15377995368D40620C780F87FAAF243F65B58A306ED0C3906F58BDD6C7"}
  provided: {"digest":"40451B0836593C84BCA57122181895002A4605204F089F55C5734BA66C146257"}
  reason: "Digests do not match"
[VS 3349823] tcId 97: failed
  expected: {"digest":"304632A7B603B8694644D6A23AC9E1EB90D58E52C0868C5C7EF7E34CFE85E9F6"}
  provided: {"digest":"3F8D4AB2AF78E7EB53194BE2F536235C27CA7644D48ACB7189C00255724A9AE0"}
  reason: "Digests do not match"
[VS 3349823] tcId 98: failed
  expected: {"digest":"49AC33BFE5286E874D50D2252982BDE5551D39A7E54766C190775563D257C360"}
  provided: {"digest":"6CD60B12F001030061DE4E8A290B93E6C0A8A832A0713DEE730A3332D40A75D3"}
  reason: "Digests do not match"
[VS 3349823] tcId 99: failed
  expected: {"digest":"8965802FB6245088067B48C2F87D885D762FF8356FA40E8C6478647D588EE54D"}
  provided: {"digest":"C26F5B35F9B5D0769825F34C04C1CBF3C5FCE538A6DE9F05763FAF77FAF628EA"}
  reason: "Digests do not match"
[VS 3349823] tcId 100: failed
  expected: {"digest":"88D2D2C482664D6AAACC766643AC220F750B71FC49F6E2E18ABB455DF9CA0013"}
  provided: {"digest":"B4E1D83B918A80DEEC06651D66942D09BC3E446E4F1C696A60F7833AADCB637F"}
  reason: "Digests do not match"
[VS 3349823] tcId 101: failed
  expected: {"digest":"B5EDFA6E7907FB48C39C46C233A408AEFF5DCB61F449C4E8AD501798203371AF"}
  provided: {"digest":"78A5E0B80F2F072C75664A3B6F2EA4B6F6ADDD9F4FE78D40BC51B4AA2AF1F7FB"}
  reason: "Digests do not match"
[VS 3349823] tcId 103: failed
  expected: {"digest":"9A017B7DFDEBEEBCBD38EAA457264F2C595BAF3F6A6818E64641FCC3C6D00F00"}
  provided: {"digest":"7D442175DB13D8E2A8AA1723BBDC9FBAF0CE27BB979521254C9052F83A573318"}
  reason: "Digests do not match"
[VS 3349823] tcId 104: failed
  expected: {"digest":"9A4D72BEF4D293EA487C3863239927FCDF958A96986FF5206AB4BE3385814B29"}
  provided: {"digest":"AA8315541142C11160B470CBEDB2740DDDB71BA188AC47DE812503A0EF42D6BB"}
  reason: "Digests do not match"
[VS 3349823] tcId 105: failed
  expected: {"digest":"FBC246EFE9A814846A353A28347D679F8667348ACF134E4061503DB4DB56B6AF"}
  provided: {"digest":"14C0665F1C8BB9C9AFEBFABB030266575EEEFA4F941AA187462CF84584AEA976"}
  reason: "Digests do not match"
[VS 3349823] tcId 106: failed
  expected: {"digest":"4522D544BD3CC9294029ACF6068E1C7A10D4159C82383897A61F515461F17EE9"}
  provided: {"digest":"3431B35BAB9C4DEAAFCC9CE3A1317FE1B4AB30FB9B932B9E3CDB9E2AFF52CD3E"}
  reason: "Digests do not match"
[VS 3349823] tcId 108: failed
  expected: {"digest":"70DE42C164AE3DA84DBED5DEC7A1DD27A65A882284498A7E2AE9CF00C8CA920A"}
  provided: {"digest":"880EC48A324FFC885412D3BE231B30A919EA9747E2773061768A1A1FE612657C"}
  reason: "Digests do not match"
[VS 3349823] tcId 109: failed
  expected: {"digest":"F7DF7C9844ADDAA23B954AF95268E2E44C5A9D9E4F77BB519E053022233ACDD6"}
  provided: {"digest":"6DB639409F14ABA06D8703C4E8B0F4EBCE072E2BB2C88BB5C53AAB45112DCEDD"}
  reason: "Digests do not match"
[VS 3349823] tcId 110: failed
  expected: {"digest":"86320D3C855F815BA6022B3487FAD724CAB323562F2B270FD033642AC6075E32"}
  provided: {"digest":"E31F8CFB11B672B35308EF46B1AC59B88D0D3EA6D27E5C166816733CB63305EC"}
  reason: "Digests do not match"
[VS 3349823] tcId 113: failed
  expected: {"digest":"96FB9E91C8384A8CEC1FD71A66EBF4FEB35ACB0257F6EB540646F26944B69285"}
  provided: {"digest":"733F53FC081FA78F312F4FA9B5A5E303C398401D7EE81E0EF43316C67BFD9C6D"}
  reason: "Digests do not match"
[VS 3349823] tcId 114: failed
  expected: {"digest":"B85DA3FB8F495AA9370657EC0FF43CF8375EC6E9942311528AA25F8A38A8BA79"}
  provided: {"digest":"14F650F40CBACF5B8050224CC2B8E530D619B4A104675A644558FE1F99788C44"}
  reason: "Digests do not match"
[VS 3349823] tcId 115: failed
  expected: {"digest":"AE5974A549CCA8D44CEAA0E68A7338621DC50BC8F7F52734C7514494FE08A360"}
  provided: {"digest":"48E85683E1A3C43168C69116D2ADED13ACBA9214A673256AB5D8D022279AE81F"}
  reason: "Digests do not match"
[VS 3349823] tcId 116: failed
  expected: {"digest":"8BF9B7B91C6EB6B2271B0D07F73DFAB45DCE5F82CCC3067DBEA5AE70908EA552"}
  provided: {"digest":"0F2DBE9CBE181D0F7552F948ABE1305116B13338C2953FC91FA33B09955E1AC0"}
  reason: "Digests do not match"
[VS 3349823] tcId 117: failed
  expected: {"digest":"DD4EF178DEBAD5EDD083C0C2DC30C42B19E8D3A8CC6BB935B8FEFC824D385267"}
  provided: {"digest":"8E929A62CF8065536D80ECE0E4E82AB99BCD83EDF28C8D80F32B31DFEE9C8224"}
  reason: "Digests do not match"
[VS 3349823] tcId 118: failed
  expected: {"digest":"5CC54C741F3EC3C391BB608E9FECD36D0CC0D239B904B87BBA0E8960D2A48F72"}
  provided: {"digest":"3E7F8D3CDC74DE86AB6BACA8C56767B7EDB806376021C85718993ED59E765F4A"}
  reason: "Digests do not match"
[VS 3349823] tcId 119: failed
  expected: {"digest":"DDA2D41CE1842CE1425CABD21AC18E2F272D6424CB6D27E05E801C9773FE0F7C"}
  provided: {"digest":"7757A88771C7E0AE708F71B9B7F325C64A714AC1104E6672B508F495A52AEB4E"}
  reason: "Digests do not match"
[VS 3349823] tcId 121: failed
  expected: {"digest":"7BBC86B406FA776931D6387C5C32943D12545594E004C27C53D45B7A512DE5E4"}
  provided: {"digest":"D3D7C4EEC92FA0186A9B6CAFF17F0D2532F478A1008044DC3B96A217B57C8C54"}
  reason: "Digests do not match"
[VS 3349823] tcId 122: failed
  expected: {"digest":"AEFAFD1C27448C6F393EDAF1F29F778D37878E49F5898FA75B44A8E95D78F903"}
  provided: {"digest":"CCDAE7BAFCBC0BD94B58AD0B0B20C193205BD72C186853C1068049A223E95FB2"}
  reason: "Digests do not match"
[VS 3349823] tcId 123: failed
  expected: {"digest":"033698515CAA5AA5ED4EF703B36E0A169FDACDEEF7223947C238184481942D31"}
  provided: {"digest":"22374E934ACEA8E92A3D432165990AB15856091DC69CFCDA8AF1AA9B264E5F5F"}
  reason: "Digests do not match"
[VS 3349823] tcId 124: failed
  expected: {"digest":"9164803E32FBE37131881062CE6B37B4E29B025F43FBCCE6B28C74B9B32BDA3D"}
  provided: {"digest":"F9FBBE81EE6CD0B31507AD8328732BA45B89088061933BE212723826BF6BB1B1"}
  reason: "Digests do not match"
[VS 3349823] tcId 125: failed
  expected: {"digest":"2C0419184BC424340F44692AE6197D0D805731E3D30BDB759D9E926C86482860"}
  provided: {"digest":"F8DBD539E89A2F875A0F922EC25DF3E6DE04A609C2AA7B9AB5813DA6A07CF886"}
  reason: "Digests do not match"
[VS 3349823] tcId 126: failed
  expected: {"digest":"E6915589A659415FB5974FDBA311A84B9D8D83795CCFE6B73B13C25A68447352"}
  provided: {"digest":"F315119ECEB37A92AE8AF4DE7AFACE64330269B533FE3C6A658555C52D2F0DDA"}
  reason: "Digests do not match"
[VS 3349823] tcId 127: failed
  expected: {"digest":"9CF047E2B5E915F542304F0699A1D48363B30EF26F98AE870210563BF327B80A"}
  provided: {"digest":"A33E08E697AFCFC87F1B1FE4734D60CF2F88C1E0A6792D19105A3CB331C7E6DF"}
  reason: "Digests do not match"
[VS 3349823] tcId 128: failed
  expected: {"digest":"2DF0006CC0938660E85896415F438DDC10DAD93B7463625280648418F53A03BE"}
  provided: {"digest":"F0A65E968C91A7542FE76ED269AFB9AE5E191171156A9CB93647A38009980417"}
  reason: "Digests do not match"
[VS 3349823] tcId 129: failed
  expected: {"digest":"694316B5A0B6582E281252CD4D055232A00730789A2126B0EC85645C78CE8F97"}
  provided: {"digest":"E588265A5871F00F60B23DC8562223FAB70F156953EA2B7231B8636716CBE6C7"}
  reason: "Digests do not match"
[VS 3349823] tcId 130: failed
  expected: {"digest":"BD88032A8153975AC04883EDC266B36600199C5995DC49D6E73605F0191FB997"}
  provided: {"digest":"A0B630B6E9EA9F5BF64D4DF2054E42DE41C82D191E19BF2FE9CE6526D712D3BF"}
  reason: "Digests do not match"
[VS 3349823] tcId 131: failed
  expected: {"digest":"F9C3251BC17B92F4182A2121ABB30F0A71C95E4465067ED0DC1120EFFFFDA029"}
  provided: {"digest":"F4EDB8B02E4FCB01CBD70793953E85095980F5BE252F079182BE422E8CF94ADF"}
  reason: "Digests do not match"
[VS 3349823] tcId 132: failed
  expected: {"digest":"954F7668126D8F670CA3949E0C791B918670F056B4ED448EDAEE54A05166F7E4"}
  provided: {"digest":"9551D865B7BB357290E1F9A80300682D9DBEDD7354BCCE868015926122BE266D"}
  reason: "Digests do not match"
[VS 3349823] tcId 133: failed
  expected: {"digest":"A66CEB2BD356534CBFC17B5DEA5BC766DCE56545ACE690C9D78FA803AFA1796D"}
  provided: {"digest":"C2E0348182B74A9FBC6680631D8D394460E3DD53ED7FFDC4A7968C3560C0400B"}
  reason: "Digests do not match"
[VS 3349823] tcId 134: failed
  expected: {"digest":"C4CE10A10DCC28835D2EF5B69BFA83414298D435F85CFB94E94E0774CD3BC9CB"}
  provided: {"digest":"FB0ADFF4BC7114D05716718AE025501C7ACA4EB05F1236DAB10BD1E1AE416DB0"}
  reason: "Digests do not match"
[VS 3349823] tcId 135: failed
  expected: {"digest":"4681990FDF465F131066D73DD381BDC38F9151306C1F01CBC33E77B9F342F120"}
  provided: {"digest":"E171E1B1A82AFFDBAEB63854FCB6C157EC8E0679C6B0C52918ACE839AF1A58AC"}
  reason: "Digests do not match"
[VS 3349823] tcId 136: failed
  expected: {"digest":"A4809B6DA2936DEF11CF5D5D030AEC7DF5F50AFAB30D1DC9421292D5180DF58D"}
  provided: {"digest":"0A6BD2904E4D6510328EFA5B0CD5452CA9B42AB3AA973FCA706A294D7F7166D2"}
  reason: "Digests do not match"
[VS 3349823] tcId 137: failed
  expected: {"digest":"EC2AE6B7D23F500EBB80A49F2048FBF932E4E3651D931C2EC187D927433351C1"}
  provided: {"digest":"E63AA1FA6D8197FAC4737F1C596486F77EE9A6AF1FF148982ED3F2B671BF5E9C"}
  reason: "Digests do not match"
[VS 3349823] tcId 138: failed
  expected: {"digest":"BF96BB2A0202B1DFDEC7EC67BED561062E0762E3384D10C9A69E288CB605C314"}
  provided: {"digest":"C19A797FA1FD590CD2E5B42D1CF5F246E29B91684E2F87404B81DC345C7A56A0"}
  reason: "Digests do not match"
[VS 3349823] tcId 139: failed
  expected: {"digest":"3756D74C2C4A99F6375535C1FAE85C216B7C3D71F87C07A8F53015D61B5A0E2C"}
  provided: {"digest":"9672B1491C388086D068BE44FED072868242D60631C1A62B3B10103C97DB0151"}
  reason: "Digests do not match"
[VS 3349823] tcId 140: failed
  expected: {"digest":"6D6ABDD7FC6E682B40C1E518E8D0ACF39685926311AF9092EEF023749EF0EDD2"}
  provided: {"digest":"1C4DAB02F357C54A8FCBB2C20CF0E5C7F1C1CF34A37B4FFCFBCDC90222982B9A"}
  reason: "Digests do not match"
[VS 3349823] tcId 141: failed
  expected: {"digest":"5976684794DCDD175CE48674A58493D94821153D827F0A3807E38136D0DB17F9"}
  provided: {"digest":"333BFB651EFE083445D17E940DCA0B9A305DE75A71069136F16634AC96A5AFA2"}
  reason: "Digests do not match"
[VS 3349823] tcId 142: failed
  expected: {"digest":"CD93359146F1C638B656D3E8928F920DF015E0B8FCCD0933E6C199A226882A8A"}
  provided: {"digest":"B3D7CCC58B21D0EA22BECF9963FC8BE483A8503C056D8C5B651989B2CAD0576B"}
  reason: "Digests do not match"
[VS 3349823] tcId 143: failed
  expected: {"digest":"FE2F550CC2B2DAC206D9874D4F9C2F51F9CDB4B00B15C29D175ECFC0F6C36658"}
  provided: {"digest":"2433AF38361A3B520ABAD669686BE1303A0135C4678F87477C27BF3A0230B1B3"}
  reason: "Digests do not match"
[VS 3349823] tcId 145: failed
  expected: {"digest":"DA1FAF5A121CB425F008E9FA5B0CAFD3B6106B28B1C294A613A758964BAACA90"}
  provided: {"digest":"49C4E0D569BF237A06DDB5BE8DC17CB54B54EDE91A244ECDAF6DAF07927BBBF6"}
  reason: "Digests do not match"
[VS 3349823] tcId 146: failed
  expected: {"digest":"437315DF871CEB8EBD1DA7C0AECAC5EED4A9908213F881BAF26F6D31AD5ABBBD"}
  provided: {"digest":"E14FC91413A9E0A5476D48035E8E337690F0594557B9D01B57848B54F40B7306"}
  reason: "Digests do not match"
[VS 3349823] tcId 147: failed
  expected: {"digest":"85A35917AD3315265140B13028E8758342F3B205E04E93897A6DA6BECC5AB3E3"}
  provided: {"digest":"1555857431DCA2D0FBB3692239631B8C2AC896F462270E09F946368E8651B998"}
  reason: "Digests do not match"
[VS 3349823] tcId 148: failed
  expected: {"digest":"C26FA8D3D3FC526BF55DD40AB1C4F2FD29006D8B88C643FB5F3E0D85DBECA649"}
  provided: {"digest":"DB890E44AE3E4983587E9A52F7FCD55DE0484214A7EFF591CAAC643992282FFB"}
  reason: "Digests do not match"
[VS 3349823] tcId 149: failed
  expected: {"digest":"73573D456936ED1CDB75CA2AA7C6CDA3F1FE7D830B7E05E65209EB5B901FABD1"}
  provided: {"digest":"7FE7B813808C7ADDE7623460553FF1E0BF3A9AE98175A09EF90E4CF0F897CA4F"}
  reason: "Digests do not match"
[VS 3349823] tcId 150: failed
  expected: {"digest":"D96F344B01EBE21FDB5E34C6ABA79CCC3FB411EEFE0CDD1EC4BC276C77AF416D"}
  provided: {"digest":"373403EAEE8E214089BE55DC55A7B4F9F462BDDBD3321899A5D13EA5EA92D91E"}
  reason: "Digests do not match"
[VS 3349823] tcId 151: failed
  expected: {"digest":"E53A5E786F0C79C41CF22A6DD89560D83C536422D4DF05AB395C297CC073FFB8"}
  provided: {"digest":"15B5E9AC4CFE194C0618E71831BF83D99B05413072488CBF663B69ADF29CA02E"}
  reason: "Digests do not match"
[VS 3349823] tcId 152: failed
  expected: {"digest":"701310D0D3480A29DD36958C38D95C697BE1FB71624265C4507A72703BE620BD"}
  provided: {"digest":"D47675BE32C2BD9E8AC001195F799AAB6268762085FA057602B17934E75BD5B3"}
  reason: "Digests do not match"
[VS 3349823] tcId 153: failed
  expected: {"digest":"6A35A054DC63307038A9D5B51B6719933FF53ED15DA80D18C2B2245DA90CC216"}
  provided: {"digest":"69E609C5FE407AABF8CB7FA83B8FAE9961E72FE1D4E651C1181246E82D1DFD54"}
  reason: "Digests do not match"
[VS 3349823] tcId 154: failed
  expected: {"digest":"84C2B68929E30D3BCD8D111997023C3E9BA2486EDC48528A4613FF36D99540FD"}
  provided: {"digest":"5F6415AD3698A5FFA82A9CD826E01F48B7898AAED917BA041677B8819CB02DBA"}
  reason: "Digests do not match"
[VS 3349823] tcId 155: failed
  expected: {"digest":"AEA63A511FCD106F8EED784091477716A563430B04E8D800DE951C86153B23C4"}
  provided: {"digest":"D24D8F8CED3C466EDF6809C761A72C437B75C3344AFFD64FAD6FFE8C0EF752D7"}
  reason: "Digests do not match"
[VS 3349823] tcId 156: failed
  expected: {"digest":"412B2D9F9BE25D5F4338E81C6814A0247AE92BC365531E04DCE39DB738D3B9F1"}
  provided: {"digest":"AD6E77B04BDD7B9EC8751BD4254E52079E10BFF21D080E9F7FCF12A5E7D7BE77"}
  reason: "Digests do not match"
[VS 3349823] tcId 157: failed
  expected: {"digest":"7DEB9452D414F9A01BC7D65FD2EF42C72FB32E824BBB2DC5F00B7336DB472D3A"}
  provided: {"digest":"CAAFB920F9CC4EAEED1820DCC0AD6E8B664CF64505E2B5E477827A9DB586198B"}
  reason: "Digests do not match"
[VS 3349823] tcId 158: failed
  expected: {"digest":"6C872F568774DE1FA276C92E0C35B7A7CABD290838CE1C6D2F78F8561522E303"}
  provided: {"digest":"146347C432B21AB36B7C9D17E3F750D1372525C198298BA646D6D44B6A114C2D"}
  reason: "Digests do not match"
[VS 3349823] tcId 159: failed
  expected: {"digest":"E7475DF39B42241C24DD997F01280AF4D58773D1C5FC86031EA0A167845367FC"}
  provided: {"digest":"91B705B93B68F6379BCC658F1FD619F84666B7D433990A69FBC5B25DB953ED96"}
  reason: "Digests do not match"
[VS 3349823] tcId 160: failed
  expected: {"digest":"DE752458F7046018354C0374606B13BEFBEBE852F7FE667CAD63E88059E5B843"}
  provided: {"digest":"0FE26F1CCEB997C07A75BE96BE557F7156CB2A2E3CBB4E6B3F3606698DBF11C1"}
  reason: "Digests do not match"
[VS 3349823] tcId 161: failed
  expected: {"digest":"9FCB18F0D9105E45870F2F493606C8F2D456DBA94A408AB398596804A53CAB17"}
  provided: {"digest":"2D07F8ED73E4A527924509C4AD7F713D4D17E3D7876D49AAC27E77CAF10D8013"}
  reason: "Digests do not match"
[VS 3349823] tcId 162: failed
  expected: {"digest":"99277BEEA3AA7857E508D50F8566C01EC6484AAD9FE691B0CD9F15D581389C74"}
  provided: {"digest":"C4C4D99F01889774DD15333A0E1E03BC07E8D971BBC43569BEC1F6FBE484B3C1"}
  reason: "Digests do not match"
[VS 3349823] tcId 163: failed
  expected: {"digest":"702DB0D9D5E61A22ACD12560CEF8FA3EEE0B82A244E79C877E19AA35A6667501"}
  provided: {"digest":"ED802F12DB729C06A59A7BDF11D7625B54A74066CED3B35723D6193FBF19B6F5"}
  reason: "Digests do not match"
[VS 3349823] tcId 164: failed
  expected: {"digest":"BF5C4660FB7A505B75F8560FBDDBAD5BF8ED98A0E450A64A76E3C4492C4A40F5"}
  provided: {"digest":"7527E776E645E31C91ABFDC10B8AD6577707FE057AF0CB2273776CFA8B8A9EA3"}
  reason: "Digests do not match"
[VS 3349823] tcId 165: failed
  expected: {"digest":"F44D0CC000DED133EF60EAA8717482B73E9DA435F144F16018478107647842A2"}
  provided: {"digest":"0731E5450F7C36E9B6F01DE8065E922DA9DF821080D307FAB613D938292D2AF0"}
  reason: "Digests do not match"
[VS 3349823] tcId 167: failed
  expected: {"digest":"72A9DA0513574C25213509940A7E654C3070A981109034B28DD9136B0E5EC2FA"}
  provided: {"digest":"086B163DFB286361D3F956A82E98336B867A372E980B36FD2D717DB1CB72FC56"}
  reason: "Digests do not match"
[VS 3349823] tcId 168: failed
  expected: {"digest":"141E7F77FE22349E0FAB573E26FD1F2B9B848C8230B7A0AEE721A45C89A9C18A"}
  provided: {"digest":"708AEF27840719826BAAD63E4E8B2BAB7497F9F679AA1C3355BA38E6992E25A3"}
  reason: "Digests do not match"
[VS 3349823] tcId 169: failed
  expected: {"digest":"D0BF67BDBF136E788DCA20A56B5904643B071E50A1A72DBC275A47E63AFD4F44"}
  provided: {"digest":"C281EF5E91B86DB46CBE760516367C4969E188ABC44C76C108F30F06185A5B05"}
  reason: "Digests do not match"
[VS 3349823] tcId 170: failed
  expected: {"digest":"26BAB6FEAF659EAAED50EE678A344B3656F8F0612E0A804820C4D42F40D9E5BD"}
  provided: {"digest":"6D9DEEC6B19B2454D12168F2558C8D13EE35502A07AC7B02614524366293C7E9"}
  reason: "Digests do not match"
[VS 3349823] tcId 171: failed
  expected: {"digest":"05243A7D4C2B68191C028D72A7196A40E7018E98D3EAFB17D8B8BD3F5C507DA8"}
  provided: {"digest":"500BCB76D8B9D32C0FD627D04CFDCEA8BA2C0EC97EE4A94AB33E5A23C53C3C67"}
  reason: "Digests do not match"
[VS 3349823] tcId 172: failed
  expected: {"digest":"CF15E3B13AE852E089EDFB490E50F94431786A0B2B1E56A18721F0A79CC9B4C7"}
  provided: {"digest":"22A9C191021076468E1088C024B10077951345807F6FEFCD6F3F697D3FC2FEB4"}
  reason: "Digests do not match"
[VS 3349823] tcId 173: failed
  expected: {"digest":"8A4986C59199C25B88AE539D69D6C61CF0C35603416D235CAEE5DA2837F7C681"}
  provided: {"digest":"9ECC10CF0E80005C9CB38ADA7A9B05EC152A3ADF21A70F671C86B583A02261BC"}
  reason: "Digests do not match"
[VS 3349823] tcId 174: failed
  expected: {"digest":"0124561D97FEBB9776C881469E76F6CE1CF47878D58F32CF796D04CC4155A17C"}
  provided: {"digest":"E4F86A7ED063A930645712FABAA28EAA36BF3511299418C07985F454E8237ACC"}
  reason: "Digests do not match"
[VS 3349823] tcId 175: failed
  expected: {"digest":"4B0A49711AA1D31479029EB094312C68184B89E2ED7D2ECC7A84AF1096981B59"}
  provided: {"digest":"47E9E04A2092501A645FAC0DBF0F354F9A573DE674194D2229499416B5484B98"}
  reason: "Digests do not match"
[VS 3349823] tcId 176: failed
  expected: {"digest":"5F8B0782CAE459A0A4BC0D3AB0F2F3D7E376641D5C008C964FE3C7E29C4F9E29"}
  provided: {"digest":"2F05CA5C5826E5764A309F19F12C6037461556EB76176C20D05A7218027E8824"}
  reason: "Digests do not match"
[VS 3349823] tcId 177: failed
  expected: {"digest":"8D36A0C543FB1F1A2FD1D76BCAE7D9505382EEF08A6898BF477F11E901ED6EA5"}
  provided: {"digest":"AB7F24CC8E444F3E4640C958E7CB52695BC80703462AB8FE68345FF3CF3B2B65"}
  reason: "Digests do not match"
[VS 3349823] tcId 178: failed
  expected: {"digest":"FC02DCE7494AE8FDB5068DF6F931B8FD336560A66C5A70C2B954C5890D5D2DE2"}
  provided: {"digest":"8CFC2F80FC14FC63CDDD7F46D317656645256AD0252FA3A53DEB9EE084CF0EF1"}
  reason: "Digests do not match"
[VS 3349823] tcId 180: failed
  expected: {"digest":"43FADDEAA0B89F99A840A20F58836F8B485CF40FE9354819829D05CFF9EE2BC4"}
  provided: {"digest":"2F18ACD3ACA63225A1B2F9AAA2B82A0E5378FCE02E0C2DC9649DA6102BD21463"}
  reason: "Digests do not match"
[VS 3349823] tcId 181: failed
  expected: {"digest":"94828F85787A84D286668B6A7EA88A3F34ED448B78E0CEB8911FC4BDAA2A732D"}
  provided: {"digest":"DCD60DB4271C056AEFC5E230AF9C22174F139C40FB02FA8E4B1377BE7FB48A23"}
  reason: "Digests do not match"
[VS 3349823] tcId 182: failed
  expected: {"digest":"FA2075B10970F289E72E7CF7DCA767AC4520554E5329594E17796D33485D55CC"}
  provided: {"digest":"4F35B9E2658B892523ABF27FE67F84399265BA9A92D55B4CDC4470A5D0E9F99E"}
  reason: "Digests do not match"
[VS 3349823] tcId 183: failed
  expected: {"digest":"A677E62DD3AD72941AEBB287F5ED47C528FDC8CC4EA726B0F205A8FD15F67E50"}
  provided: {"digest":"9D99F09BA0A78E97E2B9DC64F07067930F75A20D1B46AC466E4E31FA00179AA8"}
  reason: "Digests do not match"
[VS 3349823] tcId 184: failed
  expected: {"digest":"E6A15FD2E112434D83259D347F03A346E269EEA4DBA5585A683EDDED09661B7B"}
  provided: {"digest":"3AB814CF44301E1BEC67359CD8DA846B3F4D3097610CBB091918F260A95D9EF6"}
  reason: "Digests do not match"
[VS 3349823] tcId 185: failed
  expected: {"digest":"5F497C22E8F8D271BFF71C18D8C2AE2A540B3F1D78E92C22DE2955F6B248322E"}
  provided: {"digest":"660A2B69982CED745CFE601D6FEB14F67D8449C896A450646411D9CE742CC726"}
  reason: "Digests do not match"
[VS 3349823] tcId 186: failed
  expected: {"digest":"C11261013EF9980557F270429CA855307A30AA30E1C07457F62A726B32CB40F3"}
  provided: {"digest":"FD7E49E4AA3F398A6EBAB1E160E3063FDF79097217A5E8CA0BD3A8899A4DC996"}
  reason: "Digests do not match"
[VS 3349823] tcId 187: failed
  expected: {"digest":"8EED3A517CF3707EAFDB769A665467313F71CB2EB46A41C7975EDDEB624D72AF"}
  provided: {"digest":"7DB8933BB41020D41333D48335AB907E18CF690133568C62C4343F57F0E34D5C"}
  reason: "Digests do not match"
[VS 3349823] tcId 188: failed
  expected: {"digest":"6A18CEFA064A4108E1522F2B861FA019563CB3B213EC3AE318EF7634078F3EA2"}
  provided: {"digest":"9F3AF08507D36CB5949643CCE412A3C184EB8AD78070BC3A1042B8A40A4EB7DA"}
  reason: "Digests do not match"
[VS 3349823] tcId 189: failed
  expected: {"digest":"A65F0D26714988D113832EE7D3F739846C2BE2B028AF80BC9D8B6D39C8C1ED28"}
  provided: {"digest":"40E86E7B1135CAD1405A09AEA2CF7FC962EC4D55A2A8F2C7FB055148524CC5B6"}
  reason: "Digests do not match"
[VS 3349823] tcId 190: failed
  expected: {"digest":"D8702A8726224F76AB5AEE1BCF53F5294FE54B056C745C892A6B7FAC08CA8098"}
  provided: {"digest":"E3A18D13F78A678FF79FBC2165342340B44C28C89A96B42D40C72A000A8A860B"}
  reason: "Digests do not match"
[VS 3349823] tcId 191: failed
  expected: {"digest":"7234D80CFE6221B744A26CBA5A7CAC7F27DDDF3288C5D9D99432D5661255684C"}
  provided: {"digest":"A836DA948EC7A33C0A5702B0B2501AE404AD8F70651B4B6DDD3EE848FE3972B3"}
  reason: "Digests do not match"
[VS 3349823] tcId 192: failed
  expected: {"digest":"E16703A6DFBC5C2634606A75FC6EF062B0F2E19975F679F37EB408C6F75366AC"}
  provided: {"digest":"C4DB9B9F3B587AA88F247B123DBA90BCF44472EA56AB3888AB4836F303725085"}
  reason: "Digests do not match"
[VS 3349823] tcId 193: failed
  expected: {"digest":"CEB8D58069F358F9239C91849D65A5CFCAD9CEC144D68398643E8C18C7ECBA6E"}
  provided: {"digest":"E3326CEAD37A7881A4FE3A8F172AA8334090CECC2DE67B93D26B462B7D5052B4"}
  reason: "Digests do not match"
[VS 3349823] tcId 194: failed
  expected: {"digest":"F789E05A41C59D8245375E3927B67C9C4377654D1754E21323393EA9F10EB232"}
  provided: {"digest":"80ED33BF0EAE4B26B8032B16049FEADDFD8D83AB472356FC8ADA09568DCAA093"}
  reason: "Digests do not match"
[VS 3349823] tcId 195: failed
  expected: {"digest":"C1F1B530EB7E093CCCB01680317C46314179D4C91E09EC302FAD451886775EB1"}
  provided: {"digest":"41DC667BC7EC87AEAF6B6FED381CF07CE0A1B0F351225A6863D4E995684A01BE"}
  reason: "Digests do not match"
[VS 3349823] tcId 196: failed
  expected: {"digest":"CE0441B42C7C13ECD66604931DC583B53E6B6E72F04173A58A50E8E3E2DC647B"}
  provided: {"digest":"58E5C657F0EC1D0523FF766FED8E0250B8D46DAEA39299B0E71407FEA3857184"}
  reason: "Digests do not match"
[VS 3349823] tcId 198: failed
  expected: {"digest":"7F4706592F2CBBDB8EB13A130F3C7659B35A4ADB4EFA748B6FD2066540F2983E"}
  provided: {"digest":"C85942A265AF7F5279EAD630C980B24D3E776C7F75D09695291B8709079BC685"}
  reason: "Digests do not match"
[VS 3349823] tcId 199: failed
  expected: {"digest":"9CEEF599836CBFB3B559DE08ECA75BA9E31516DD0C392F4E441BB7231681820E"}
  provided: {"digest":"92E4EF06C164FDAA9A484F2C5FC8EEFD132236BCD4D29254C8FDC38267D0ED95"}
  reason: "Digests do not match"
[VS 3349823] tcId 201: failed
  expected: {"digest":"87FCB0845608E8CD700E8DE141D8255A2FAD537FC6213F66395A4F0E049CF7F4"}
  provided: {"digest":"BE30EA821BE16ED60FB5AA091007C5D36A8BEDFE6B5DC80F1E0C0266A93E1083"}
  reason: "Digests do not match"
[VS 3349823] tcId 202: failed
  expected: {"digest":"54AB29165219054DBBDAD64943769715EA221F346E47AC86CFDF3671AB1B0B6D"}
  provided: {"digest":"C3C9C98C3DFD98CAAD60F1871CB9CD6F004F042FA26FDD86BFEDC4EB9AF909A1"}
  reason: "Digests do not match"
[VS 3349823] tcId 203: failed
  expected: {"digest":"9987248849B56259404685E42CDF96B10DB081B24D0B41956D6174C3ACE6E353"}
  provided: {"digest":"B331563D785F9835E7F1770C7C4775D70B8894B9F647A12FE6CB2062D9D45486"}
  reason: "Digests do not match"
[VS 3349823] tcId 204: failed
  expected: {"digest":"9196264B4DA1E939E48A941FF4633F5E1053F285DF6024EE07FEFFFB2C880C3C"}
  provided: {"digest":"6FBF48D3D0D8803008335A86C9C309D3C107004924DD58D2A6873CC1185D7AA3"}
  reason: "Digests do not match"
[VS 3349823] tcId 206: failed
  expected: {"digest":"292815B7F9FB1A67004C640EE526C76FAE1D803FAC6D74D840111F5ABAD7E703"}
  provided: {"digest":"01A21CBF2AE62119954969898F7C1D3D9BD0C1AF8B4ECC846AD9717F17D05B76"}
  reason: "Digests do not match"
[VS 3349823] tcId 207: failed
  expected: {"digest":"FAA4E8B6B9A4E5956DCF2A0150658D504D6CB7474BCF605CBDB721FB257CBEA5"}
  provided: {"digest":"88A566CB56D307E6D77E3E50966049F874988C9F94D2636C3F1FECF27922B94F"}
  reason: "Digests do not match"
[VS 3349823] tcId 208: failed
  expected: {"digest":"4C98F4CA57B9429A2554A775AEFF0D1B159A2972288CA3021C97D233EA8B3CF1"}
  provided: {"digest":"58463E0F118BEBF5B95C7C744E7C76A40CBFCF925AA015DD6768EF250E3C3686"}
  reason: "Digests do not match"
[VS 3349823] tcId 209: failed
  expected: {"digest":"9B064E87679AF6AD850C4DE07FE199901A15618395A2569585EA4E87C1FBC801"}
  provided: {"digest":"8B7CACA035BF18187A5671A446E78C4F5248D3035592D8737384DC17F7899141"}
  reason: "Digests do not match"
[VS 3349823] tcId 210: failed
  expected: {"digest":"9AF1F5A6B24BB5E9C7F4130692F7C31B4D119D4F19A284BABB566974F308212C"}
  provided: {"digest":"315FBC027E6582DB26B6285CC3C1477D19662727D6AD87298EDDF13F04A90E86"}
  reason: "Digests do not match"
[VS 3349823] tcId 211: failed
  expected: {"digest":"C4810A1D938FDB41A9766A5E506E7BD401A8589F1E86A67FC742EA77D06F94B7"}
  provided: {"digest":"DBCA0DCFE8F0C04AD09FC22E12E1E26A3602C4DF83014911C4016FCE4E8AC3DC"}
  reason: "Digests do not match"
[VS 3349823] tcId 212: failed
  expected: {"digest":"2CCA6695D4C6F541B8A765E9E347631367870393F600D7B5DFFED5123379758C"}
  provided: {"digest":"3A89813233587CF68F369E3F97E6FF8BCB6DD608D92ABBF218B96F69395D0FEB"}
  reason: "Digests do not match"
[VS 3349823] tcId 213: failed
  expected: {"digest":"2A86A4640C1FA2DFFA43AC2E5385B2DF1DE8B05870F948AA13F0B65EF9FF8ED1"}
  provided: {"digest":"D1765BDB0EA0195A1F8DA4011563E3DF78DE0FF528293598C2EB2E9E71ACE8C3"}
  reason: "Digests do not match"
[VS 3349823] tcId 215: failed
  expected: {"digest":"6D7A669A690953C9844269C6A4A61B5191C7E12935048041295CA0A6ECC82F85"}
  provided: {"digest":"EA85C39F3B42040956A4A65B9767214C6985D56095D8FB20FCF8D79029C711D7"}
  reason: "Digests do not match"
[VS 3349823] tcId 216: failed
  expected: {"digest":"2F726EA9EB76E59EA23A5BD8E404092B25515EC87F1C2512551D05485908409F"}
  provided: {"digest":"14E454BC65193EA20DCD8312A65294D325DD88043A67B37CED729E6523F75D77"}
  reason: "Digests do not match"
[VS 3349823] tcId 217: failed
  expected: {"digest":"77775A5284F79281714D4A11E476D8F8E390272837081F49C6BD943106D92E77"}
  provided: {"digest":"2A358E75FDF0A2AE61CAA5422B3084182306A73444F4A70901584372079477F0"}
  reason: "Digests do not match"
[VS 3349823] tcId 218: failed
  expected: {"digest":"F901A814E85EA90FB22426EAE7771269A6495922898E0C09CC7E6B07ADA3F0CD"}
  provided: {"digest":"2951E048E9EF453C528F36C123DDBC9FEE074608C4BE9A62B9B28FB47E08FAA2"}
  reason: "Digests do not match"
[VS 3349823] tcId 219: failed
  expected: {"digest":"4659B55CC8D06697AAC9680287BE2463285A4AA42E712E63FCE1AA17A4DF0E6A"}
  provided: {"digest":"6512AFF087BB7102A40AB113D40AC8E8A162BA1C1FC421EA76C09798BFB9FEFE"}
  reason: "Digests do not match"
[VS 3349823] tcId 220: failed
  expected: {"digest":"256D0475CA1D20DB282F2DFD1C92358E9688FE576E31FB0037702F41C7FFD492"}
  provided: {"digest":"EBBA9000053CED2F98DE7DB069C4EF60C8732C6B8CE9E7D1EEBFE65BB1E93EEF"}
  reason: "Digests do not match"
[VS 3349823] tcId 221: failed
  expected: {"digest":"CF65D1E087B76AFF16E377B1E8810DFA74D328DDA4C633F98F04B6A7571EAA53"}
  provided: {"digest":"5C70521AE5A01DEA85BB400187EECF5E9A300B2B30A9887A8C69E04B64701F7B"}
  reason: "Digests do not match"
[VS 3349823] tcId 222: failed
  expected: {"digest":"B37C7AD394961B8647A42C4DD9F12F5A5CCCA21A94C6069252AFF57E9B594327"}
  provided: {"digest":"5215B9D1466D1A8F5B948DA0EF4138AF62B58A81A1CAC66A225A11D69409DF51"}
  reason: "Digests do not match"
[VS 3349823] tcId 223: failed
  expected: {"digest":"5FB50B9D35958B55277A35AE8F8010F0458B4FEA9C1840D2BBFB8D649987E795"}
  provided: {"digest":"F5CACBB897E116F2F8F9DEE483EBCEEB94378BD71E5FC7809B3CE7C0F6550DE1"}
  reason: "Digests do not match"
[VS 3349823] tcId 224: failed
  expected: {"digest":"3167CF7CC60E738683AD9B4B81273DA76E839A50B9911A9990D289622A3E200E"}
  provided: {"digest":"1724F5811615F889C919E3070E820848EE035910D9B1F536CEF0FEF3F575E515"}
  reason: "Digests do not match"
[VS 3349823] tcId 225: failed
  expected: {"digest":"18A42A6CB89D3070899264E848E8A2BADD43E303B1D72F9FDFF51E2CCA5228DF"}
  provided: {"digest":"777C43B8BAC245EBDEF99F174D719BBCA93240EA10CAC53C1909D8B0F905C22A"}
  reason: "Digests do not match"
[VS 3349823] tcId 226: failed
  expected: {"digest":"77CFB83830D19F2B901D112F586F928A419EA8BCC556CE1D522682C6FD76B23F"}
  provided: {"digest":"691BB90A0F6A656B4200A0537FA7176265DFE66DD2C1D50814E4F59DD5A83A76"}
  reason: "Digests do not match"
[VS 3349823] tcId 227: failed
  expected: {"digest":"3F41C30DFDC420D9B771129D624967F1E30E17174594BEFB6F6393803E8289F2"}
  provided: {"digest":"FBA65C303E142B092C6C07615BDFC39FF3B13D848B4059DC3F2683462026A711"}
  reason: "Digests do not match"
[VS 3349823] tcId 228: failed
  expected: {"digest":"CD90F04BB5CFADD998C4169397F7786F73C88EC29A9E45E7997E45CC9F02E3BB"}
  provided: {"digest":"20EBFBEDA92E0B69415134BFF6313AA6F89E99355AA8BE6F4946BA00B08AD1FF"}
  reason: "Digests do not match"
[VS 3349823] tcId 229: failed
  expected: {"digest":"7A5DF4CA018DE1C9AFFF6B684F9CA1F6A3BD35F0F505043A4067F84677A150CD"}
  provided: {"digest":"FD894E1CC4F45F1CA9E765B2DC1746B334DEE3D880A949D8BD4DA5E292672487"}
  reason: "Digests do not match"
[VS 3349823] tcId 230: failed
  expected: {"digest":"68C3FA17158DAF791E802D205CEA4F9C053B6EC4869E1FD29A11910962EBEE59"}
  provided: {"digest":"30794817ACF0EA2B7A121917E3F0E1C9BA8CDC0BAD5B0BE9FCF49500FA2F174C"}
  reason: "Digests do not match"
[VS 3349823] tcId 231: failed
  expected: {"digest":"5D721ED6F049EF09C99E5D6B37D5859D013E4F6BF5BF60AF9A2F091B8924815D"}
  provided: {"digest":"E38DD2E7912B985EE8EAA6B05360E45AFAEA4202C2E0423D998791B25350F74F"}
  reason: "Digests do not match"
[VS 3349823] tcId 232: failed
  expected: {"digest":"BD4B2E74175FD98DA93F2E95CB025ACC8B2D358551706DDB7E20CAE0768C499C"}
  provided: {"digest":"4A5BEB3637EF4466E30A1E2874C5A4CB55453E8C06AB41EA2CE10E85DDF1A97D"}
  reason: "Digests do not match"
[VS 3349823] tcId 233: failed
  expected: {"digest":"0D5D43039E5F21402451D662AFB26C26CF9224350A8F9A64EF40317ED8FDF44F"}
  provided: {"digest":"0D2F5112A34074511256C9482485E4D03936D202729AA169F1E2A9FA6018E2CE"}
  reason: "Digests do not match"
[VS 3349823] tcId 234: failed
  expected: {"digest":"0BC572F763C4556FA354F07C7E416636B646D412EFDE6ACFEFB8A366A0992847"}
  provided: {"digest":"B8FA0C9CC9D4542289495CBBA8F0B0A3F55E09F6EE81FF363F0F711967AD3EB5"}
  reason: "Digests do not match"
[VS 3349823] tcId 236: failed
  expected: {"digest":"77CAEA88A653CE87536295CA3000580DFBAA8920598C86EC2C6D35F2D6CC36A6"}
  provided: {"digest":"61A1CE0D898329203EA0AF99AB5C19E2B84AB5757B8BD6B1051AAFC0DADC2968"}
  reason: "Digests do not match"
[VS 3349823] tcId 237: failed
  expected: {"digest":"C3262A9D6249B284F1FAB87F71A6F71D16B415AE55613C143C11B972D38557B3"}
  provided: {"digest":"EC38C933BDA12E71E99020AC8DA22E47598771A41D6FB9C60272A2693FA34E9A"}
  reason: "Digests do not match"
[VS 3349823] tcId 238: failed
  expected: {"digest":"2EE467AF52D562D479108651929918AA62AEC6603B91FE9FAE0DCEA4B97A7572"}
  provided: {"digest":"C543CE2B273B6D1017D75A08BDE2B33DF5C2E5B0510A8B97B35D61BEB2DFC0C3"}
  reason: "Digests do not match"
[VS 3349823] tcId 239: failed
  expected: {"digest":"E87D4929D926CEE1FADF76B52C5E64FDA01A4BE2A082D7621543160B4301BC09"}
  provided: {"digest":"8D4B6B625B0A82D89EBB4DB6B64459987C2DE1B4B85F0D55F81999D2E1ABCD9F"}
  reason: "Digests do not match"
[VS 3349823] tcId 240: failed
  expected: {"digest":"B19CD58B851267DC75A0A0EEB9D10ECFF0B9777F62425BF2E0FC77EE165CC179"}
  provided: {"digest":"3FFDA82FDA906377EDB27A4B26D8C88965735FDA263DC2C7AFCE4CFA569B2CBB"}
  reason: "Digests do not match"
[VS 3349823] tcId 241: failed
  expected: {"digest":"BF4D5C6164DF24F71716E5F56EA8A797CF3441674DBF9086425CCD879A51EF25"}
  provided: {"digest":"088696ACD226044D3A5A3BBE08E2C001DB2497B6EE6FA464D6A0D34A101F19EA"}
  reason: "Digests do not match"
[VS 3349823] tcId 242: failed
  expected: {"digest":"AB2FB09BDC0F23822A538A967CD1919FFAC6C7EA5CE522E67BDFCED3B4B19356"}
  provided: {"digest":"2E5D951FB874BC4B80B4095EBC509E0A946AF4AE9BB18B974918FF135653E326"}
  reason: "Digests do not match"
[VS 3349823] tcId 244: failed
  expected: {"digest":"E8F8A2BE80AF29D556D89C6B5DF72D720438D145F0A4B87AEB8B3F08E5DB5CF4"}
  provided: {"digest":"FBB3D74BB52E4094D25978F6936B18B3A301D005053E16B1922680D18CBFE9C6"}
  reason: "Digests do not match"
[VS 3349823] tcId 245: failed
  expected: {"digest":"67EFCAC3A0C01F65574CD41F9ABB23E3CD40AD518E1552DA98689A3E8EA6F026"}
  provided: {"digest":"C6571C149F16B4B157A2F8012E08BFF1E7D85C3038214D98580FACEA35384B48"}
  reason: "Digests do not match"
[VS 3349823] tcId 246: failed
  expected: {"digest":"05C09E94ACE38D2477A89EBE9C493AB0E30B9C431619A99ED0ADAFCCA95B9706"}
  provided: {"digest":"DDEEE335A2AD12626A279E1D8021616DB7AA6300438EF7BB21A5E8B42CC14608"}
  reason: "Digests do not match"
[VS 3349823] tcId 247: failed
  expected: {"digest":"4DA984305482D5BC8B142F6CB54FA74E4EE7609B39963F5B8718EBB54B91B2C0"}
  provided: {"digest":"7F18D80BB615D283EAF5B651719472361778A13E391A0A0649925E22E6D4EFF0"}
  reason: "Digests do not match"
[VS 3349823] tcId 248: failed
  expected: {"digest":"5F0A4B7D1FFF5892D1860DBDC97738AF104638621C73A0079168F16C7686F235"}
  provided: {"digest":"A0EB6755ED8467DB9C48316924FED2BC2E6103B7F0BFBD2EFB6ED87C8B8B4C16"}
  reason: "Digests do not match"
[VS 3349823] tcId 249: failed
  expected: {"digest":"5D1BDDB807C449C73E8A7AED2264B82DAD6D8B493F3823A886947986A64D6BA7"}
  provided: {"digest":"C14B1F6FF9097A3A2392065A345FF2BF0636781A380E2617A66D35167CCE7031"}
  reason: "Digests do not match"
[VS 3349823] tcId 251: failed
  expected: {"digest":"F586D2C14BAEAC397B14FEA269CC94F27D7ACF090EDA15CBB23331E66F3CA6CD"}
  provided: {"digest":"57E27FBD7C4B7E6BFEB393143B7F1E44B0FCB319B48A55515F491033B18968A6"}
  reason: "Digests do not match"
[VS 3349823] tcId 252: failed
  expected: {"digest":"E1A5C1581A368D35D0AA5B6B73B5CD4336EE454946B2A23B91025AEAEB58E06D"}
  provided: {"digest":"3E549E8F8AC81BDC1519519DDE4CF6772B4E475B8F7AA4A1875658EDE9698325"}
  reason: "Digests do not match"
[VS 3349823] tcId 253: failed
  expected: {"digest":"7D987F82D959BED41C5C8416923D39C3C7AE9053FD87F5C6D892EBF6301CE272"}
  provided: {"digest":"36ED93BE6A0487C0AFAFD10EBE9F3C1082505A76D06191F762CC32AAA920B30B"}
  reason: "Digests do not match"
[VS 3349823] tcId 254: failed
  expected: {"digest":"C1B2A1DA302AA9E14F07B061064D22F5DD1828ACBB08198ACCD1B24B16C180DE"}
  provided: {"digest":"43B983EE8EDF6A7CE5D847778DCC1F05EBFFED55DF4C2C9F93BFDD49B9F07326"}
  reason: "Digests do not match"
[VS 3349823] tcId 255: failed
  expected: {"digest":"1C1EBD6343574B060488412659C473B779B7573D843FF5DEDDC500B827C95515"}
  provided: {"digest":"8DB7E24B4A507417253014656813CD68C902D4593813B53882F7CC3949EEE3A1"}
  reason: "Digests do not match"
[VS 3349823] tcId 256: failed
  expected: {"digest":"3CAA45DC4154F9FA16B160623439CD9EAE17B3E2B36096199FDC09325B83059F"}
  provided: {"digest":"DFEEB50B0A50D944293FDF76624024EBB27C634F0973052ED57E0868BEA83C22"}
  reason: "Digests do not match"
[VS 3349823] tcId 257: failed
  expected: {"digest":"9A00CDD7B108DFC8694657038CC91B017867595B58E2B30F0A2EDADC37C78442"}
  provided: {"digest":"BC054EFAE1B68900FE7FB90906FFA2D555B2B179C24CACE6A87E0EBE0109626D"}
  reason: "Digests do not match"
[VS 3349823] tcId 258: failed
  expected: {"digest":"3CA890C601B7B789CB777CCB30785F3E93D1F7EA8DA55F2383F1E2413BCBA544"}
  provided: {"digest":"72CD26EEC1C5CBA5E6AB6AA8C3D103E03C5C89533B20DDBA5200B977654405D3"}
  reason: "Digests do not match"
[VS 3349823] tcId 260: failed
  expected: {"digest":"A40481FD7DDA0FBD98953E0005AE6EE58A54275506EB03930007E9455286DE6C"}
  provided: {"digest":"C14D81FCDA391C0EA658779E46A3A05EFBA18416817069080B4F7AA2B3A23319"}
  reason: "Digests do not match"
[VS 3349823] tcId 261: failed
  expected: {"digest":"D974CD51DAB9BEE37EA474E2500811AD42715624B3521B6DB0287DA52010B639"}
  provided: {"digest":"A291DC7603309A35659B28FAF3E2BE4A32333A4B206F850CD58056A5BD1D4124"}
  reason: "Digests do not match"
[VS 3349823] tcId 262: failed
  expected: {"digest":"0E947ACA3F07021989BEE99FA88B8F9D52677ADF03F5892FF8A8DB23C49C11AC"}
  provided: {"digest":"4F01BC21EC19D186DB09176DFC5E17B66E9727CD80EC1EAEB5C5299A810EF0EF"}
  reason: "Digests do not match"
[VS 3349823] tcId 264: failed
  expected: {"digest":"BFDEC15512176AFFA2165BAB06CD5020B98049AC6B40569BBB2F78035DC09589"}
  provided: {"digest":"1F850063F4D73CA4E1C4BDE5402DA87F7E0B1330F793FF95D1F34E376A059F31"}
  reason: "Digests do not match"
[VS 3349823] tcId 265: failed
  expected: {"digest":"C9722532ABAC5FF819BAF4E6D5E57F8EB85ADC0BBB8EFEB0D1092D8EE176F051"}
  provided: {"digest":"FA69C19A2744637BDF15B4D8744ABD8AA24EB5832D9DCD23CC6A3901F3DBBB8C"}
  reason: "Digests do not match"
[VS 3349823] tcId 266: failed
  expected: {"digest":"A2BF525294F6D5474D25CE7CB54643C152A6B3536EC82BF8695EA8BBCF2F7F54"}
  provided: {"digest":"A63BCC014B6FB416E860317827937686E9D665D39CC9B71BC1E297A07042B398"}
  reason: "Digests do not match"
[VS 3349823] tcId 267: failed
  expected: {"digest":"250CD1E8C4212DA92BEDA6041D77106E69399DCA3308A9D4FA7F31A4ABE8530F"}
  provided: {"digest":"C2AC939B493DFE804C2107C9D64BC03DAF0E75D65CE22C1DDCCD623656D53CF6"}
  reason: "Digests do not match"
[VS 3349823] tcId 268: failed
  expected: {"digest":"1871D794565A8CD75AE2DE81DDCE9B4E11FCF27FD0618F2F1CC90AFF657EFD85"}
  provided: {"digest":"5773631812BCAC885C2CA8EECD8D22E51BAEDC1B721C4EBD9729E93F7B052FC3"}
  reason: "Digests do not match"
[VS 3349823] tcId 269: failed
  expected: {"digest":"71A8F8B856909422757314F85EED05E8205B413F504CC8DE535EE2F29F89B883"}
  provided: {"digest":"C16C23863DA6CDF2034AF26B8FCFABAC7FAF72926EB6E74FA61EA690168AF0F4"}
  reason: "Digests do not match"
[VS 3349823] tcId 270: failed
  expected: {"digest":"2BB4BFBBC7936012BCEE6EDB21E19529D1C5FCB6BD207B77D671545784FE6249"}
  provided: {"digest":"638749DF85208E3AE2E4AE18359E24E906C3BF99C3C5971D05188445D6B73984"}
  reason: "Digests do not match"
[VS 3349823] tcId 271: failed
  expected: {"digest":"052BC87EA964299F0F9836A10B642434FA0A52002BBA0067C3DD0AC51BB5A00C"}
  provided: {"digest":"4074B4A86A4A3102835A5CF085D984139AC3D58FCAE7527464DEA13E991B21C5"}
  reason: "Digests do not match"
[VS 3349823] tcId 272: failed
  expected: {"digest":"3EFCFE995BE2E3F71999804A29B055FE68FEE4317E1CE8911CA4B9A0B3C5E6B8"}
  provided: {"digest":"B6BEE533078279B46AA170E8343AEC6A7BD213AA3F4BA58E18E38F47A17A7E1F"}
  reason: "Digests do not match"
[VS 3349823] tcId 274: failed
  expected: {"digest":"1096562712838CF36266AE0B465145C67163F2AE3C8E35CB704E2D2BCF88095A"}
  provided: {"digest":"B8FE83CFCBE3C0A7DB7324C8E9745A2218762C189DD93D6F59FE185C1756D645"}
  reason: "Digests do not match"
[VS 3349823] tcId 275: failed
  expected: {"digest":"270BCD4BAEF7048482C70D8D525406F13AF0CCF677AE3AB6A772894E7F62BBC5"}
  provided: {"digest":"05874B0318556D14777E8D1D13C05041F715629A9F9F3CDCBAFD8169796BA4AF"}
  reason: "Digests do not match"
[VS 3349823] tcId 276: failed
  expected: {"digest":"EE04A09420E038068BCA82143956EA5FDBA052860C276DA3F7A8F4A1D6DC8C41"}
  provided: {"digest":"CC3ADF691DED32609D9AE213A77C65F72F3E18168B527E9A20BEA38227DF7F1B"}
  reason: "Digests do not match"
[VS 3349823] tcId 277: failed
  expected: {"digest":"65CFB602F278906CAB991581D6B2E968B404AAD89BB0DAC4DF930E4A4BF079E7"}
  provided: {"digest":"D9949C4E30D80D1716C2FDE1E0F095805151A1CB67EF1FB8A01784232E34361A"}
  reason: "Digests do not match"
[VS 3349823] tcId 278: failed
  expected: {"digest":"3973794129C723F6E2022A34E0CCAB5A6DB45F56BDEFF21F735A4A777C717ED8"}
  provided: {"digest":"69F01EF91C939363E8ACA7356E0663D526BC318E74AC91744A413899C4950AE7"}
  reason: "Digests do not match"
[VS 3349823] tcId 279: failed
  expected: {"digest":"B2CA6671A4CDC8631E7B242A8249F47840C6CEF073507635041210768F6C11E1"}
  provided: {"digest":"1EC689761D4110C835F8FBCFE20560536B0FE6F967279CDB5D91A921898ABC12"}
  reason: "Digests do not match"
[VS 3349823] tcId 280: failed
  expected: {"digest":"ED4C63506D7740CF35C782839D7D5F692632C0CF8593E4BE6095EE260B32E1F1"}
  provided: {"digest":"3689DEB1035D9433C054C92B5EBB50CDF8705BFF5604C1010090AFD16802579F"}
  reason: "Digests do not match"
[VS 3349823] tcId 281: failed
  expected: {"digest":"9C178FFE6A961B9C913874304AAA739DFDAD1CA089E5B315EF2A954B82BDEB85"}
  provided: {"digest":"E5C748A2D7CF1A8E53994CEEA899F7BCD3DA1811C315A9BED04B485712FCE4C5"}
  reason: "Digests do not match"
[VS 3349823] tcId 282: failed
  expected: {"digest":"E4D06069CA4AAC592C5E0A00E2D1BB5522A4317D34A31738E6E7A2EEB22AF307"}
  provided: {"digest":"D12712DC039CECF899872CAB236D8D66419B3EEC0A9B4CB2ECB9A5A20ECAAE6D"}
  reason: "Digests do not match"
[VS 3349823] tcId 283: failed
  expected: {"digest":"0A8E4F7AA9F705311394CEC19C0388173129CBA2F0108710FE712F996DDEF6F4"}
  provided: {"digest":"413D41C91AFD3E6E4736EFD9348E8DD949D7618EEDED025240D3DDA2EA459DDE"}
  reason: "Digests do not match"
[VS 3349823] tcId 284: failed
  expected: {"digest":"47345B387A14F4F422FB60507BEF6C48715F7026DBCC70BDD5DEF69DFB9337ED"}
  provided: {"digest":"0F1D72A4FE15C341F0CAC73F8FDA3DE3D18521FED945F8412E33C8C157822D9B"}
  reason: "Digests do not match"
[VS 3349823] tcId 285: failed
  expected: {"digest":"34A726371D70241D3D7F5F822531080910D58F57FEB15E9B3E64064E27A940A0"}
  provided: {"digest":"9FD01DE8FBF00A70B13DAB8680BF347F8818809E727F6AF4C51FAF5BD18DE185"}
  reason: "Digests do not match"
[VS 3349823] tcId 286: failed
  expected: {"digest":"15AA108860FDE985987AA177A5378989891D9E038B376DA599410A5B62F7F83E"}
  provided: {"digest":"48A5B499DA645536E1F03BE623EA751E2F4253F820A7281854FA957EB4628DA3"}
  reason: "Digests do not match"
[VS 3349823] tcId 287: failed
  expected: {"digest":"1B898C61F8E337505736806A3E939BB0EA93B031ACD402BD0EE40891E5436381"}
  provided: {"digest":"3B5078AE1A2676E8D13E00D30EC24AB20EC045DEE209492EB53D80F06C7646D3"}
  reason: "Digests do not match"
[VS 3349823] tcId 288: failed
  expected: {"digest":"B66DB1340DC01882D0F10B88E998DB3DEFAA2372C95DE2255C6B9ED2190D02E5"}
  provided: {"digest":"F0A2C4C69E21F012BC185A1B221BEACBDF73B00F9DFF4B452A05DA697BCA9A94"}
  reason: "Digests do not match"
[VS 3349823] tcId 289: failed
  expected: {"digest":"4D4FFB1390748033C17EA8EFE0ABADCAF5D67E821E1FE09FB961BAD6315650DD"}
  provided: {"digest":"118C36E91C6CBC273B1F0B6E3C0657C4D8519F1A298ED6FCA9B867EB53DFC68B"}
  reason: "Digests do not match"
[VS 3349823] tcId 290: failed
  expected: {"digest":"278F407A91E35C69D507BF8F338EDF3778770BBC8F3D91880CC2CE0D92463055"}
  provided: {"digest":"82821D852B80554EFFF9CBFE55A1FC2B20F9833E688FDE247DF9D213E1FC6EB0"}
  reason: "Digests do not match"
[VS 3349823] tcId 292: failed
  expected: {"digest":"54B92369DA5F4B0F39E961DF267B071B78145CAE9B52E6A7FC413068E3CBF1D4"}
  provided: {"digest":"C31336EA068713298CC23A09134E60B98C3AA6D011A4FA250673926A9CCEAE4F"}
  reason: "Digests do not match"
[VS 3349823] tcId 293: failed
  expected: {"digest":"92FFC1795C9C9C83D8FFA910A5CE582659320ED48D94610DBE51CEA7299C0DAE"}
  provided: {"digest":"44824283FA6282A19D111B98BA5C71EB18A8EB55C015A717F25697B91B9C6814"}
  reason: "Digests do not match"
[VS 3349823] tcId 295: failed
  expected: {"digest":"BBC0E0F4F50C8BF5E2C109CA3490532440EF09A12B953E1A30DB301B66AF2F70"}
  provided: {"digest":"D98A15A787EAEE39A0F6EABBBD065989E0D61645FCBA8EB25AFBC4581ADCBBE3"}
  reason: "Digests do not match"
[VS 3349823] tcId 296: failed
  expected: {"digest":"8D6515AD17B0B0FE87C7E55BF103782119DF26D75135C387F01506FB347F2DCC"}
  provided: {"digest":"23F8E3BCD45AC940BD64DE586BCF64C4B520C0B021AA1DBAC9628D02461C9F9E"}
  reason: "Digests do not match"
[VS 3349823] tcId 297: failed
  expected: {"digest":"1AC49DE47BC2A493B2CC9CCA671BB3B6FD9981025E3C634C423BF3AC6CD7A822"}
  provided: {"digest":"EBD7C53CCA7AB5B4C07478796FC6C7EB419BDD05EEDEFF73A780EC9796970117"}
  reason: "Digests do not match"
[VS 3349823] tcId 298: failed
  expected: {"digest":"9D89C3134CA690AE52A6F7AEE50D4D5E05DEA8DD982A536188054938460810AB"}
  provided: {"digest":"3E80A8A7FC28078F06A1676F539336DAF015BD214F08A6C1CF6C3AADDB7D6B4F"}
  reason: "Digests do not match"
[VS 3349823] tcId 299: failed
  expected: {"digest":"B1FAA39544A4B6FCC4CDCECCA43AD71BA14A4F8A96B6D2359D49898B54C84A23"}
  provided: {"digest":"CC9C4458695E6AED92E71138F1A8B28645BC1D17681DEB8D3557C544D7CECF61"}
  reason: "Digests do not match"
[VS 3349823] tcId 300: failed
  expected: {"digest":"D7028CD71B5B0115130724054E7B6003D823E7BB3392C9B6ECAB0DEE569C3353"}
  provided: {"digest":"1889039D45FA5D84B86AC2420D4F075F91993C4F219F9CB100A310AF25231580"}
  reason: "Digests do not match"
[VS 3349823] tcId 301: failed
  expected: {"digest":"941FF96D27AA73FE3631225EA849AB903E5713CD9F381A7738E298631FDCC31E"}
  provided: {"digest":"0667AD752DC8B55805CE0092C5A11FCDAE0877C0C885F82789D428564B1D82E4"}
  reason: "Digests do not match"
[VS 3349823] tcId 302: failed
  expected: {"digest":"BF22F8E895A1AF512B48B3D70F73F85C1B32CD60549A1514B83ED56AE7DC232E"}
  provided: {"digest":"2ED78B290430B27EB17DD8F1B21477A051274FE115D7A534EB64E31C8ECAA74C"}
  reason: "Digests do not match"
[VS 3349823] tcId 303: failed
  expected: {"digest":"94F60E821F7984BB022E42347A7BA7F1A9379AED4004E55B274511EBBA2609D0"}
  provided: {"digest":"B4FE08C59C6574351E75C3CB39B0BA27448C874E44851C78C8C1832565D54D22"}
  reason: "Digests do not match"
[VS 3349823] tcId 304: failed
  expected: {"digest":"7D14B4A0A2A87666784E23D21C05A6C77A8D55E8E90EF264E12FF378C7032D07"}
  provided: {"digest":"5FABECEF96D31E0C5B94F0B5008291AE48A45279F9BB0C9267FF6AA1C9C5DB2E"}
  reason: "Digests do not match"
[VS 3349823] tcId 305: failed
  expected: {"digest":"CF71F6D3A5DFF2D6C797B999D654E7F1C35B77E21693BB72B220D5E4FEBC116C"}
  provided: {"digest":"E37058958EF3CE457B83FB686C1E655E782FDE2EAA84F5CEA1C7864DBFF7DAFF"}
  reason: "Digests do not match"
[VS 3349823] tcId 306: failed
  expected: {"digest":"3A5D3DCE3C6F98E92D4B75D28BE2D3C5ADFD83548A94B3C93B605703C4AF21B0"}
  provided: {"digest":"458CE21169E00073ACFDEC0E5131A66BE3FBB4A0E1B7C5CB1563CB3EB3249F68"}
  reason: "Digests do not match"
[VS 3349823] tcId 307: failed
  expected: {"digest":"D18539BB8972D738B037D0298A972FFCF0F1B7FA5ECCEB4FA7A23FE2924A9251"}
  provided: {"digest":"F75E4D11D1A6CD47F0536E7FB4F4CCC26910EB695EEA9092FDAFCA2C9B383827"}
  reason: "Digests do not match"
[VS 3349823] tcId 308: failed
  expected: {"digest":"B32F3CDB73748D5D5488AF101C8C81F25000D474EC1125A89E663528B06EF472"}
  provided: {"digest":"01B76C99D6516C20A237A443F7EFDD6164B687A6D28DBAE21ED889676E805F02"}
  reason: "Digests do not match"
[VS 3349823] tcId 309: failed
  expected: {"digest":"E92C180349760FCFAD496B7055E3F24A12576ED9B40D9C01DBE8BEA58BE3DCC3"}
  provided: {"digest":"800130AC195EA35F4D732AC48D2770906B6DDDFC4CCAFF9A972DD4493F67ECAE"}
  reason: "Digests do not match"
[VS 3349823] tcId 311: failed
  expected: {"digest":"CDD98B8CE9FAF6CBFF727BA4CD8D55D09ECA0FA484A0D26805A97CB95BA543BD"}
  provided: {"digest":"BCEA555B6CAE9FC4969FBA80B540F8076A60CDE343B1C94785EA621E29C71029"}
  reason: "Digests do not match"
[VS 3349823] tcId 312: failed
  expected: {"digest":"6A468B80748BF87B25D907B9EAF12A5F9B8E54DB078336348C63D34560729DEE"}
  provided: {"digest":"164B78A08C042A69A7D3E6617CA6B3A855B41F167BF4977CFD503134610E1537"}
  reason: "Digests do not match"
[VS 3349823] tcId 313: failed
  expected: {"digest":"C519ACDB14DAA2A091C85BB8578E95614D429B0C96296E675649768AE2A3C706"}
  provided: {"digest":"76BE8B528D0075F7AAE98D6FA57A6D3C83AE480A8469E668D7B0AF968995AC71"}
  reason: "Digests do not match"
[VS 3349823] tcId 316: failed
  expected: {"digest":"66A0C7489EF367AD5E710DB0108E152690081763BBB9B72B9B5869B8C6ECABBE"}
  provided: {"digest":"F6EBFEB325EAE5D7E2171F99BB0F3584BB1B984259EB82B7D164F3FE6A79D703"}
  reason: "Digests do not match"
[VS 3349823] tcId 318: failed
  expected: {"digest":"DA3AEC674896F73682B11481D6F246C7E4D7FB065F250545C75FA2DA31E5B49A"}
  provided: {"digest":"308368DC6DC965E831E88454553694BA0BE91F13A92C9A433D0D92486894EED6"}
  reason: "Digests do not match"
[VS 3349823] tcId 321: failed
  expected: {"digest":"4DA15DA05E1002E3B932237297DAFC81BB4892C9AB5466EDFC55E17045BD51C8"}
  provided: {"digest":"A0300951C4A4F992B59F9A0CBFCCE7416DCA4B06E6E362B5C34ADB75114E2759"}
  reason: "Digests do not match"
[VS 3349823] tcId 322: failed
  expected: {"digest":"90DDFBE514A406E51C4643FC7150D2A6D3A333FA95A6B5A3DF83D994D774E0B7"}
  provided: {"digest":"0267C8D38BBB8E52224564CF5E87D65A648A3A9F2090C3546FB9F3B9E5919810"}
  reason: "Digests do not match"
[VS 3349823] tcId 323: failed
  expected: {"digest":"22C1D2C58F11E8858A6B99924AAF70F639AE9FD0A709D277BBA29478C519A647"}
  provided: {"digest":"6A1BF9A241AA1B912E401E519705ADA256DCECE4C7A50E6974132992EC4FBB4E"}
  reason: "Digests do not match"
[VS 3349823] tcId 325: failed
  expected: {"digest":"4049910EE71439B6BC02397460C6D6B24ECE2DCC1710A273C36884C3CE693AF7"}
  provided: {"digest":"DBC1B4C900FFE48D575B5DA5C638040125F65DB0FE3E24494B76EA986457D986"}
  reason: "Digests do not match"
[VS 3349823] tcId 327: failed
  expected: {"digest":"43DF6010567C30AA5AF231F6E3546FDD94968BAFCBC958202B7E6947E96860E1"}
  provided: {"digest":"D1346B7B6BB29ADDEE872A86054C190803CBA697AA2C447E58018F87F19E8359"}
  reason: "Digests do not match"
[VS 3349823] tcId 328: failed
  expected: {"digest":"530F500CEF72F938FB4F2D5A6537620E720A1ABC93E515A7751FEE856905B698"}
  provided: {"digest":"4B42A9E5E59A482A70A5C3964117C9934B2B6C6B78C5B9A8DB8E6ED6179B2626"}
  reason: "Digests do not match"
[VS 3349823] tcId 329: failed
  expected: {"digest":"B0A393709038114CB0851AE6536B7581A0F00052CF70045CA9432F7D0C741FCA"}
  provided: {"digest":"31B382E73DB12EB595291886681139C1086E65EB49B5917769679103EB2A2D96"}
  reason: "Digests do not match"
[VS 3349823] tcId 331: failed
  expected: {"digest":"D7CC9A4E22C23F2F3972EDB18350F6C62A69B6BC6E3B351FF00E9391D586721F"}
  provided: {"digest":"D8332F269061361BF82F986502A597BF14BE5D224EAB96025EDA9AA935FDD57B"}
  reason: "Digests do not match"
[VS 3349823] tcId 332: failed
  expected: {"digest":"A40DD79A700CA4F4F2EAD8B56BE7E80FDFF7795BAA645A7C9BEDDF663B362937"}
  provided: {"digest":"CBC73DB182FF7789BB52BA97155812E1E56561D9ABBF4A52C4AF0D79AA44AF51"}
  reason: "Digests do not match"
[VS 3349823] tcId 333: failed
  expected: {"digest":"1D16246A341D1F266CBF3287C4217C7357040BA389137F91DD35E98817A25950"}
  provided: {"digest":"6C4E323F4265C7A24A17C13A7A632D895BB797C53036D6C5821EFEB375AF3336"}
  reason: "Digests do not match"
[VS 3349823] tcId 334: failed
  expected: {"digest":"3F82DF67667FAF9989B84D31F60533C912B051187171730C414D48FEE7A908A9"}
  provided: {"digest":"BDA384F6AB3E0883A259210D87E42F97E15EBDCD05CFC2684EC4067D1AA0D61C"}
  reason: "Digests do not match"
[VS 3349823] tcId 335: failed
  expected: {"digest":"6AD43833499B192DAC181B03DE5416E9B37DC26B176D954163ACE45BC7131270"}
  provided: {"digest":"E9CCABE1038142CFF3A2086FA6A43C5815113E4AB7E0E0619E587B384289BD8A"}
  reason: "Digests do not match"
[VS 3349823] tcId 337: failed
  expected: {"digest":"92AA1B15C4143A2774DC908610C5D56458A10E44FA37E942FDBD0F30A8DF5C86"}
  provided: {"digest":"B8B7C04679792D6F51F82F79E28598483383FDF09244B0B28EA7E94DC6FA0044"}
  reason: "Digests do not match"
[VS 3349823] tcId 338: failed
  expected: {"digest":"2F89845AEBF4B7AA0E37AA12C887EF69982590A618E12678D75374501A923A7B"}
  provided: {"digest":"8FB555E9D0A9F18D01400EF784FE056C8F43FC7565D87072A5EBAB825765E153"}
  reason: "Digests do not match"
[VS 3349823] tcId 339: failed
  expected: {"digest":"BC797AB77731D75C4B46AC23C01A51D4DF1B82E9EFBE592746EAE5E9D29FE9F8"}
  provided: {"digest":"3CA37AC8AD066EC29F7B35B1A38A7C5ACD613C1E5591339233F28D9D92D10290"}
  reason: "Digests do not match"
[VS 3349823] tcId 340: failed
  expected: {"digest":"CC260A1BAC06A221E8227E376EF61E065AFBD160E122E5F6333179288B651748"}
  provided: {"digest":"520317E564808FAB7D2FE8FA202DA0368F6997C2EF4734162F3845E38C1F51E1"}
  reason: "Digests do not match"
[VS 3349823] tcId 341: failed
  expected: {"digest":"52EF6504B3BB8C588C52BD98387F1965190329FB94090C2BA1009ABCEBC06317"}
  provided: {"digest":"9A6DE4B52140BE1660DACEA9C7029C04221809578D9BB1CACEFA6AB1189ECBE9"}
  reason: "Digests do not match"
[VS 3349823] tcId 342: failed
  expected: {"digest":"DDA2ACDEB7EAE620516F59C33902CB4DDDA93CE89A1D17F5E0F7D03880DFDA85"}
  provided: {"digest":"50145DDDD446188DF2C8779A7D440B36036DCCEA3D63D6C95B418D8270F15D92"}
  reason: "Digests do not match"
[VS 3349823] tcId 343: failed
  expected: {"digest":"824F13B82FDA905DA7DC511450477439B44D44125C009CCAD99EC1D97DD049B8"}
  provided: {"digest":"F40A5FD58801D40883B1DAA98B70F4AD55069781199493127C62E224D6279B24"}
  reason: "Digests do not match"
[VS 3349823] tcId 344: failed
  expected: {"digest":"E2B8A56BFAF5C833EF92DDCFD0B69C7EC3B05051B6B3364A81B280A8766CA95F"}
  provided: {"digest":"CCDE2416BB1F99964F7B7A06EB0F7273E8B788A2BB5B1CDC6A43403E3D140D68"}
  reason: "Digests do not match"
[VS 3349823] tcId 345: failed
  expected: {"digest":"5D354352876C0C3B7D09511DEA7F64526E40BC3B8E7D658891C742CB3F6DF7DB"}
  provided: {"digest":"9765107762F79FF6251B430368F14289A4F2615F629F46FB06F975A424AE4B52"}
  reason: "Digests do not match"
[VS 3349823] tcId 346: failed
  expected: {"digest":"E52E1EC2B0148A2CCBF36F345610D48451AF35BD0B0A9DB0C53A0D31C52CC2FB"}
  provided: {"digest":"A3A49226E4554AAA06B5A6C695E36473E9F86D6456E6D3382F506936784DEEA6"}
  reason: "Digests do not match"
[VS 3349823] tcId 347: failed
  expected: {"digest":"36D25B6B9AC1153DF35DD2CDABD79D5A71E9099022940F6E76461FBCDDA50BA7"}
  provided: {"digest":"638FA4498F758C4B76984CF91B269D695A62502680309FAB0F20AD9782897166"}
  reason: "Digests do not match"
[VS 3349823] tcId 349: failed
  expected: {"digest":"CBB36BA9DAABE2420668706BF99BC921496E8BA66E6F83B70048D53456C8F214"}
  provided: {"digest":"DAEC61F00E3CCC3D7AC0B7E08C18A681F99E41E47BAB89BCD93F35BE21C90362"}
  reason: "Digests do not match"
[VS 3349823] tcId 350: failed
  expected: {"digest":"C3AB15D6EFCF52A61909183D00788E1B3E9A629412C46C2679C910493189359F"}
  provided: {"digest":"86E0E451E2B3981FFDF5E8163317A2205A88F0F22D0055C8B17E523ABF3783F9"}
  reason: "Digests do not match"
[VS 3349823] tcId 351: failed
  expected: {"digest":"BF5C69FE71364FF1400ED8DB65399832E64AF40E647F4F36709A4EB296603B7B"}
  provided: {"digest":"42325062A746CD6D77E9A371C137992BCE5B9B3D614306B9BA4FE0C241667093"}
  reason: "Digests do not match"
[VS 3349823] tcId 352: failed
  expected: {"digest":"F7B6E136B4A4F2C520BD138714AFB8EF6378FCE57036819676149C8309048DEC"}
  provided: {"digest":"AE85C823F7F49F537B9ADA96E7926F60D7499474CF07D378E926F4E51F1632B0"}
  reason: "Digests do not match"
[VS 3349823] tcId 353: failed
  expected: {"digest":"EA36A982F308C70619348C63929CCC6119FF9A7616580E5563BE7DA56B474DF8"}
  provided: {"digest":"EA42EE3AA8403AB7BB4E3AAC52869119BDF5A9B5CC2607E69C72A5020E6E0F20"}
  reason: "Digests do not match"
[VS 3349823] tcId 354: failed
  expected: {"digest":"05A575AF9EA7DE15F1EF3AF6F633F9F188A2DEDB34D0F38F1F667FB2E3D51A4A"}
  provided: {"digest":"3C05B7FE0887A8F65BDBC25570C0E05A961F98D081AF654AA3168CBEAB9E868B"}
  reason: "Digests do not match"
[VS 3349823] tcId 355: failed
  expected: {"digest":"09A8DEA36121684F3910B69B854DE7E29BBD9891CA6104EF5BA63AA74D8D3303"}
  provided: {"digest":"A022709D74778C2110B049EFCB6A7EB76238772250FC3B758D84481AC48C837A"}
  reason: "Digests do not match"
[VS 3349823] tcId 357: failed
  expected: {"digest":"BCED544E55244759ED1EE047E2635FF309687E69A0F85E322EFCCDD7852BA1D0"}
  provided: {"digest":"8069E823BD4D12536EB207F8E08865D49175DE7B6EF7766D47C00F80E98063E2"}
  reason: "Digests do not match"
[VS 3349823] tcId 358: failed
  expected: {"digest":"68756370ACE328BAF0FE3F2A232F9F08ADD67FAC082F86E73103ABE034DB97EC"}
  provided: {"digest":"4F52A08011698087C50ED14DB535DE6988020BD8F015908D90FE6D25112485C8"}
  reason: "Digests do not match"
[VS 3349823] tcId 359: failed
  expected: {"digest":"CD2D9F85002B17AB8053EF865AC853EFB9358B7F7AD4BC4FD6FE855D4FCC62EB"}
  provided: {"digest":"04914C8B272FB80889226420087309C491341AE1B1AEB78714D9FC6310785805"}
  reason: "Digests do not match"
[VS 3349823] tcId 360: failed
  expected: {"digest":"5165A2E9F65B4318ACC0FE36BC4FA788BBA096A1B4B2A5447F22636788310887"}
  provided: {"digest":"C8E2F262908E6D2D65DFBF4D2DAFFE4A1811B56E24DAE3D5793E70A536BB6FD2"}
  reason: "Digests do not match"
[VS 3349823] tcId 361: failed
  expected: {"digest":"5ED408002690FD86CF71C2E8A1A690943A98B6E784453D948D5A573A797BE036"}
  provided: {"digest":"5D77ACD9C4CEE93CD0CC76BD7EB062E057E03477927D8E7EBFF70C9B0898128C"}
  reason: "Digests do not match"
[VS 3349823] tcId 362: failed
  expected: {"digest":"0C357A487CB237FDB116D2996BBF7B59A673CF2E2B1C8A4D5FD6CFD72F4E24AC"}
  provided: {"digest":"05620DAA512A841B23D7C23CA0D6E0A52A502FACBBCB17BDC220700F72A0CBA6"}
  reason: "Digests do not match"
[VS 3349823] tcId 363: failed
  expected: {"digest":"6B42516F947A45F5862DDD9B60A3504FA553954967035F1F56921F6A0949FD42"}
  provided: {"digest":"30B6DAFBA5A157F6771E917F058DA20DDE9D3F2234F5FCEA8C83790C6AD50536"}
  reason: "Digests do not match"
[VS 3349823] tcId 364: failed
  expected: {"digest":"7C8C260397A4614B6FFD5BD4146E4F5DB51142695CCF399D09DF059CD0BED518"}
  provided: {"digest":"17B5D14AE05C5FEB9090D6945F983FAD0BC63A1A48948268D2D049ADF1FD6388"}
  reason: "Digests do not match"
[VS 3349823] tcId 365: failed
  expected: {"digest":"15409EF9635248A233A41726058B0D8AB0E3A08B56D847BE032706183DF4BE9B"}
  provided: {"digest":"81C62BB9B8D4359A29BD6C97C7469939CFD2BBF8EF9E7486805AD6E54C50A44F"}
  reason: "Digests do not match"
[VS 3349823] tcId 366: failed
  expected: {"digest":"F6DEB8D991BC45EDE4BAC8753FD85E9C7A21B0D17E33C0904F0180D9A266423A"}
  provided: {"digest":"04EE11CD09D8B78D7B3E394BBCDD3F3E7A04923FE077829A8462BC03DDED2100"}
  reason: "Digests do not match"
[VS 3349823] tcId 367: failed
  expected: {"digest":"3EA217958A08FD93B9671F55CF9CDC3AC7A1C49D5E96F88397E897A89919164A"}
  provided: {"digest":"B610D3B7F49C1710D1571F2293AEE5C37E3029311899A209323597EBB1AA7665"}
  reason: "Digests do not match"
[VS 3349823] tcId 368: failed
  expected: {"digest":"DB7FEFDAAE0A18A4E8B501D8ABB17610335F923CC34223E4406802CBD63E0762"}
  provided: {"digest":"A2F502A4333A3F1B12B29837012D86B155F3E3C4A131E923AEA895D569D333B9"}
  reason: "Digests do not match"
[VS 3349823] tcId 370: failed
  expected: {"digest":"F562650DF2556C98398EB63BB0FD37878798755E62B62E8C4B9B57A38CA4AA8F"}
  provided: {"digest":"BE3B81D63977C27AB74A31B47D2E6C22872FA02DEFF374BEACFB2623CE43A69D"}
  reason: "Digests do not match"
[VS 3349823] tcId 371: failed
  expected: {"digest":"76417B1C36B315472BB8BF7C831FB6B9F431A4A42BFE87217EB4ABD3626A7C7E"}
  provided: {"digest":"0F023EBF9580EB3D506BBC7479B0C879D54391B3AD7BF4C19FEBF13D34766BE2"}
  reason: "Digests do not match"
[VS 3349823] tcId 372: failed
  expected: {"digest":"64A1C46D4873ADD3DEEEBEF76D4B6EF92A4793A1B412DBB620583F8BC982433B"}
  provided: {"digest":"D0BE3B7ACDDEBB88A7652A20B29245E07C61BA0BEC7E12B9209BEA9C4C6FF00E"}
  reason: "Digests do not match"
[VS 3349823] tcId 374: failed
  expected: {"digest":"1971EFC7CD542853A44F68AC553A08A5131E91DC752FAD76E7A33649524C37D9"}
  provided: {"digest":"E8A2E1A2A114DE28FE209F77A38867C2ECD2849B8392D28556A5546E5326E265"}
  reason: "Digests do not match"
[VS 3349823] tcId 375: failed
  expected: {"digest":"EF7770B39BBDADBCB455E0DE967B8D38F59011E300DEE8EA8F4C47E5D6250A1F"}
  provided: {"digest":"18E197AFA4C51CAF609F1450CB6E0067664834225CC3284E13B86FBFAC445248"}
  reason: "Digests do not match"
[VS 3349823] tcId 376: failed
  expected: {"digest":"ACD3A3AE72E3F32791C535E6C0D737032084CDF04734F6E15D5793BFF3EF59DA"}
  provided: {"digest":"370DE3F07BA631C662793F1BF2706FDAF5777006A1C82588C70382A65A720398"}
  reason: "Digests do not match"
[VS 3349823] tcId 377: failed
  expected: {"digest":"2E6CD9832857F41AC9B2C9603F61E07DBFFA956835C98DCBA7C39005B13E8A7C"}
  provided: {"digest":"6CEAF98E5914E8BA4D3E472F732A1BE141B8068054B2D33D2778428A17C9EDCF"}
  reason: "Digests do not match"
[VS 3349823] tcId 378: failed
  expected: {"digest":"7136DDEE7496FAACE46CCD81458C4669A6CED9462911E219359265050B238882"}
  provided: {"digest":"50009B6273F2DDAF0091871BF41173321174AD86FDEA93F827837324D91E2351"}
  reason: "Digests do not match"
[VS 3349823] tcId 379: failed
  expected: {"digest":"AA1FABD72AEE03CF4AE17D80B0760C67CA69603CB921B34F3F600A52C2A3CE88"}
  provided: {"digest":"B2E36B6BB60D32D9DC481CABE9C291970F892723B6653F09095715B3C0795AEE"}
  reason: "Digests do not match"
[VS 3349823] tcId 380: failed
  expected: {"digest":"5D780AA0063B8FCD3CAA5B297D656656B59D85D78F7D41DD9C0C6F67244BFD47"}
  provided: {"digest":"006AE0CA4C2AAF63A50AD09B94EC979D3898E0D5A14170CDA3F0AA7DE3AF208E"}
  reason: "Digests do not match"
[VS 3349823] tcId 382: failed
  expected: {"digest":"D56B1D817F7BD4E99A5D47E860F83A198E503669CD8E4E0E16F7938C5B52E654"}
  provided: {"digest":"68925B3CBB5FD17D4980E7C7AF4B33358E1715F9FECBA333B1CEA2782AAF7AC0"}
  reason: "Digests do not match"
[VS 3349823] tcId 383: failed
  expected: {"digest":"631C6F0E31FD3E09CBC3253B30CD61A5C1F8C40B45B08774D428F086B98E9645"}
  provided: {"digest":"448A6A1B568F994BDA8E3E3758DC56D38A2A7629DE1301A3959E62C9D45E1086"}
  reason: "Digests do not match"
[VS 3349823] tcId 384: failed
  expected: {"digest":"B0404206630D84E9AF1A53B733CFDFA57041FFB9CC7DFB6BD59042F482488C5F"}
  provided: {"digest":"81C6907207308CB10725D2627BB29D6A60CF1017886CB6290B0BCE390935F6E6"}
  reason: "Digests do not match"
[VS 3349823] tcId 385: failed
  expected: {"digest":"600051AB569C9E7972BAD8E946AD06EA5C9B9863C946529B722666588FC3CA63"}
  provided: {"digest":"5D7746BA825A4688488DF3DB8219292C6A8BA1D1D1C5446F48AAD9ACCEDDCCD0"}
  reason: "Digests do not match"
[VS 3349823] tcId 386: failed
  expected: {"digest":"B51D93B9746390151C9202378ED69AD66548868A0D2D75765F2AB780E3D6110C"}
  provided: {"digest":"4C7C2958862F41CCB2E56CF80EE7D9525ACF823A457014BA49CF9A66524134E5"}
  reason: "Digests do not match"
[VS 3349823] tcId 387: failed
  expected: {"digest":"5F0EC7AADB2836BB04CF16FE65664F8D406B04B84B6D43E8557050C205C790D0"}
  provided: {"digest":"3065A3F70BA7E2CF9AA757E44EBC376498FD1D1B78CFEC4FD844F74051FF6C02"}
  reason: "Digests do not match"
[VS 3349823] tcId 388: failed
  expected: {"digest":"1320CDCF2CD757E2F9456150748C497383C7E48EB10001BF3C73A121F12E2A9E"}
  provided: {"digest":"8DA176A018BEA60790C5F2E4209D58DD895A8C4E921DDB589D8FEA289CFF4EBE"}
  reason: "Digests do not match"
[VS 3349823] tcId 389: failed
  expected: {"digest":"5A13634B7DC63BA529776D17DC49295AB347383EB04EF489EAF4836AF523BF65"}
  provided: {"digest":"9FB7BB16F23751BE4D2C56F0E8E61B6BD90D2897F7139BFCC5BE55E318A50305"}
  reason: "Digests do not match"
[VS 3349823] tcId 390: failed
  expected: {"digest":"60F40177E92E43B89C50C9D067C52A20EB7275693412421CD05DF458AF926460"}
  provided: {"digest":"9D2243DFB630C2470E0C90A5C40AB1EDE5C1FB18BE9A57AEDCE6D72E4194835C"}
  reason: "Digests do not match"
[VS 3349823] tcId 391: failed
  expected: {"digest":"8E54784D3A70CD4359B398804B9A8E901A51F242A7817F847F550D2BC9B6E40E"}
  provided: {"digest":"0828F655DC97273222BC33FCFF733153D11B80306A931317736B7FBF2D38C1A5"}
  reason: "Digests do not match"
[VS 3349823] tcId 392: failed
  expected: {"digest":"C3DC277817A2DE4C8B0A533ADE40B7F595AE0C70A4AB7781FCCCABBC3D2BC03D"}
  provided: {"digest":"3FBE3065E269D0EE377AC74381CE50BA5426C13300896CF8796CEED78363245D"}
  reason: "Digests do not match"
[VS 3349823] tcId 393: failed
  expected: {"digest":"18DDE26FB9061BDD25D7F105F7A1AFA7A7D2E693C6DCF78DFF1F4480B5944AB1"}
  provided: {"digest":"94690BBB101F29A951BAB177A46EEF6493CB9F81F6EFD51D816FD8A1C0211D5D"}
  reason: "Digests do not match"
[VS 3349823] tcId 394: failed
  expected: {"digest":"7EB73064EC0D22D34CBAFC9ADC1B71C9E6A8FC8F0E5AFFC13488F70A633ACACF"}
  provided: {"digest":"B9A0790D67B114372DBBB3A8A32254B5ECEEF9E7F4D5F15969D8928C96B04912"}
  reason: "Digests do not match"
[VS 3349823] tcId 395: failed
  expected: {"digest":"5AABC019CF2315B1D27A01152F30D252DB29388C8EE011A01D526062E384C82B"}
  provided: {"digest":"9615835AB4B1FA03BD991FCCC1DB742AD95D4272394F237B2072E8AE93483FBE"}
  reason: "Digests do not match"
[VS 3349823] tcId 396: failed
  expected: {"digest":"9A658149A7F0BBDB8EB5C611C1E9419AE695A986DA908FF451C8B01D3A4C09BA"}
  provided: {"digest":"6C878C15517871FE5B7364E7A47DAC8FD116548DFC8324CB90B1CD4AF0C2E78F"}
  reason: "Digests do not match"
[VS 3349823] tcId 397: failed
  expected: {"digest":"958BA943FA59DFECAEDBE64DB9F2D2E3548EDBDBAAE397449807FBBBD12EAB48"}
  provided: {"digest":"FE678CE82D06E9CF3C135E97F68C8175850D6A6865ABEE4F602B9A492BFCE760"}
  reason: "Digests do not match"
[VS 3349823] tcId 398: failed
  expected: {"digest":"B339DCD6E01B4C45F3ED21AB4700A24CF2CFF52390D514C934E40098FE862B9E"}
  provided: {"digest":"7B773B3886DCA6E19D11C577501535F387AA96685AEB0A9F788D4668AE9525DC"}
  reason: "Digests do not match"
[VS 3349823] tcId 399: failed
  expected: {"digest":"8AB318A02A41A3F8E6943521CB38C6FBC5C3F7BFCFD2A69F14048A106636BE2D"}
  provided: {"digest":"568F0AFBEA61B5056C7B7660BEB250411F6F2CB228F3BAE84EAEF1508FD09F83"}
  reason: "Digests do not match"
[VS 3349823] tcId 400: failed
  expected: {"digest":"D458078000D5331610A3EDF0A915C1383C2EB3B8756FECAA02FD87BA6B183021"}
  provided: {"digest":"0F818BF10CB5EE82590A72C3FC6B4AFBAA75BA149679D4FB7F55418F5DA36A2A"}
  reason: "Digests do not match"
[VS 3349823] tcId 402: failed
  expected: {"digest":"3CDE5B9E6DD48D7BEF77FD3CA154C27C6222F8428987EDAC203D51B61627F50C"}
  provided: {"digest":"B1A95F389CE2533085E5AC623A1A6C7A7BFF6CEB106BF702465159779D3595FA"}
  reason: "Digests do not match"
[VS 3349823] tcId 403: failed
  expected: {"digest":"A3DBCDFAA64AAB0CD4700E52234DBCB7B3CA743086FA8BFB35C68CE2554214FC"}
  provided: {"digest":"A532BAEB734E4896986349986CC2A04A1B59E6A73438F43FB675EA3AF7580122"}
  reason: "Digests do not match"
[VS 3349823] tcId 405: failed
  expected: {"digest":"BA1602102E86E6AF9B402EDFE1D3BDFBCBDD86F446A3C34AA96BAF9A029808AF"}
  provided: {"digest":"D8548999C2F8536D5344C03F0E3A3B2964560624E0D7AF42009B9A54758AC3DD"}
  reason: "Digests do not match"
[VS 3349823] tcId 406: failed
  expected: {"digest":"2D42A460897AD67120D7BC0DD0591D31D0DE3F98798F0465319E85F295AA3563"}
  provided: {"digest":"51B3CB76F99C9BD6C55D3F7AFA60878B81D3D4DAD976994645DF321A8E183C5F"}
  reason: "Digests do not match"
[VS 3349823] tcId 407: failed
  expected: {"digest":"9599D81033EE4C70292DB5BA31643494F4DFDFD3E9B677A61347D250DC5FA7CE"}
  provided: {"digest":"7A239541F23417D7885C0D287E4B879D56A3EA0EAE69A716D430F904035B7307"}
  reason: "Digests do not match"
[VS 3349823] tcId 408: failed
  expected: {"digest":"942F0D399E99BB0DBA8A815E174DCEE0DD2C2012FD886FC3439ECEE70824E259"}
  provided: {"digest":"2D3522690FB2C6942561CA38ADF42DB9D6ABC6498B02BA7F65657051F3757E00"}
  reason: "Digests do not match"
[VS 3349823] tcId 409: failed
  expected: {"digest":"8CFCA0FD23761BDE2043B0128513B6991A1CC33C8C31FB24555384E1604E4C22"}
  provided: {"digest":"FA3272B5679B75BC0BCC8BFE4B4B4EEE2CF23AE4BFF4D0B92CB0D200563932FE"}
  reason: "Digests do not match"
[VS 3349823] tcId 410: failed
  expected: {"digest":"A58288F7577DBB68B74434F8D7E443A379DA869D48DDBC3CCAC488E7EAD574DA"}
  provided: {"digest":"ED4D9E90E4394CF40F2BF059D04F7A9A0CC61C5091660994FE61318263838094"}
  reason: "Digests do not match"
[VS 3349823] tcId 411: failed
  expected: {"digest":"103E5055D6581A8A60B85C3F4919501DB84DF964FEE304202247A76100D7AC81"}
  provided: {"digest":"B494DAA7B9A145E412B13FB8245A753A0754C73FB7916FB52FDF10835B230DD6"}
  reason: "Digests do not match"
[VS 3349823] tcId 412: failed
  expected: {"digest":"6B75DA5244320EB52B5A74523F64410419B6A051D99B3A2BA60E8B5009845A9E"}
  provided: {"digest":"96AB0C08DBEDE0653B0DC94E0FEECD0C758BD86622FF079FCB8CE145A618AB92"}
  reason: "Digests do not match"
[VS 3349823] tcId 413: failed
  expected: {"digest":"B9AE45F329C615471EA978AD92C592A36482CCDC80110914309D318564C2FA23"}
  provided: {"digest":"42A38C99FDA1400A6842721EA634AA3A30289F87DEF45836C376A56D79F7A223"}
  reason: "Digests do not match"
[VS 3349823] tcId 414: failed
  expected: {"digest":"51FCF6C95EB5AA109AD8FB5DE93EBB751F1F8B60D32561C3F5F456BC447A7A14"}
  provided: {"digest":"E55DEA06F0F58841E65E2F863C32356F2340622C6538F994B1F7BE6F722950BA"}
  reason: "Digests do not match"
[VS 3349823] tcId 415: failed
  expected: {"digest":"37D56D65A1CD8ECEBF07DC390BEE9495DF0C0E7BADB6E26E211B428A6D330130"}
  provided: {"digest":"FB80A8ADAF0202267D421B3DCE5DC533365E0B6475A1672608C369AFBCB9DBB3"}
  reason: "Digests do not match"
[VS 3349823] tcId 416: failed
  expected: {"digest":"B8E9C003CD06EE3E5FA63304BDCD31A47114713A9B3FFC29FD94CB09CF116892"}
  provided: {"digest":"782FD1D1DB6FD42616598BABB250BF816805784F1762F169C5F873B0AA4672EC"}
  reason: "Digests do not match"
[VS 3349823] tcId 417: failed
  expected: {"digest":"831A9889C6EE0E07464E816DE1D8B65BCA490CE9667B029952430000C518A13D"}
  provided: {"digest":"3D496F7B3EED7350B665772020DF809E696CB680DBE036E33F4BAB5D48CDBA1E"}
  reason: "Digests do not match"
[VS 3349823] tcId 418: failed
  expected: {"digest":"C2AE5F0C2DBE5F5528F8FEB26132660BB14B1E3E813FAD6679F4315C9793B791"}
  provided: {"digest":"51332BA9C493CF43F0ECF73FD1180B66D4853F68CCDD7C52F5C6FAC2CDB7E5A7"}
  reason: "Digests do not match"
[VS 3349823] tcId 419: failed
  expected: {"digest":"E22AFE91E9F752764E378B86E129AEC6D4BDF3B172B3441193BEC1DB307B2752"}
  provided: {"digest":"6B2D9950B9C916E35F01082E2E1BF0C61596F036C4BAA76927F50B1E4ECF6248"}
  reason: "Digests do not match"
[VS 3349823] tcId 420: failed
  expected: {"digest":"4DEE263E52BD32B76A5542432BFB9675D5308D8F80977EA99447BEC32418B094"}
  provided: {"digest":"C85A424A0C58E708DEDB81E545F3015136C17D1FC523BB074BF0BB5820778690"}
  reason: "Digests do not match"
[VS 3349823] tcId 421: failed
  expected: {"digest":"9DEA360498B54E4869137A9782354BFF70030F4031CE409BAB339F48AF30A131"}
  provided: {"digest":"F103AB399F15553358FB326AB67FA75F69EAE298F43FA8878EB982ACB441E214"}
  reason: "Digests do not match"
[VS 3349823] tcId 422: failed
  expected: {"digest":"4038512FAA6D3E5BB7D4D3B8F1122BA93BCC2268564124CAFB35905F7EE2EA0F"}
  provided: {"digest":"325F32F9815114439855453916D76D4AB7CA6D4A32801686DDD1C3CDC7309773"}
  reason: "Digests do not match"
[VS 3349823] tcId 423: failed
  expected: {"digest":"D3A44A511FD9402FC6BC99A428FEF06B7A40AFF14EF1428E50960E08C9611475"}
  provided: {"digest":"B14B0FEE059C05E5D7F7C1603A3F3F6721E64494E4117531CFE29B9DEF254211"}
  reason: "Digests do not match"
[VS 3349823] tcId 424: failed
  expected: {"digest":"DDB9CCDBE4B417DADE4D8BAF482638463633B038CC632FF1CFBE52FC2F15CF41"}
  provided: {"digest":"00A2499BA610547C2A4CE9673B86D45009DEFDD0755E52F8BADF65D9512C074E"}
  reason: "Digests do not match"
[VS 3349823] tcId 425: failed
  expected: {"digest":"88218BE3A18DB312F7E9CC53B750EDC2DC98A666DD8EB03E9A0010D05E667245"}
  provided: {"digest":"621CEE4B0574DAD70793A243735DF7A082F2AA6E79AD5D03B4A89E664C8337CD"}
  reason: "Digests do not match"
[VS 3349823] tcId 426: failed
  expected: {"digest":"AADF09E8BCC51D66E23391347B3D3B1DBD1BA5F14613E599FE5A059FD632C448"}
  provided: {"digest":"63F3C60D69C975672008A8C4BB37E87F8ED7A3FC2A474F5C4C6137F07FB0FCD3"}
  reason: "Digests do not match"
[VS 3349823] tcId 427: failed
  expected: {"digest":"23CDD6B7F665D4D61D33E3BF036443EB22D1E5B4DCC7B102B834F505FA5914D2"}
  provided: {"digest":"3BAA5188E877C509ACAFC5456B4D5E6A5967951C8B48A4BC7EA3A927F71C9E0B"}
  reason: "Digests do not match"
[VS 3349823] tcId 429: failed
  expected: {"digest":"3ACDA79DEAE72E5F4C15720894E55382D9F4A8C79C1F2A7A29BA5FB277CC0E6A"}
  provided: {"digest":"5985D8E6E7EF95EFF186AE3C8F6624DD4885DE5970E9D6AF23C03303C6368E02"}
  reason: "Digests do not match"
[VS 3349823] tcId 430: failed
  expected: {"digest":"3FDE59A0BFBA0A716997C604646F2FD4ECDC5C491AC99128CEFBF295452C1E24"}
  provided: {"digest":"BCC67CCB0FFB84D080B4CDBF795731455B09FE94FEE315F4109281873DFB4535"}
  reason: "Digests do not match"
[VS 3349823] tcId 431: failed
  expected: {"digest":"37BC22086CE697107A1F093CC0AF8A9111D4F72CA1BF71F13F6153923940AC44"}
  provided: {"digest":"68556D417269652756B3CBC07EC24E659777CF58A14E5B5DD0F21C76545CA78B"}
  reason: "Digests do not match"
[VS 3349823] tcId 432: failed
  expected: {"digest":"85C6C46FDA9B258896F6CF51D3EB110E2D2E59A52B449B427CB521E233C55859"}
  provided: {"digest":"D6B78E765118DF13C611652D25B9AF97E313E4BFF59D3ABBF5EB0B3B66B29C6F"}
  reason: "Digests do not match"
[VS 3349823] tcId 434: failed
  expected: {"digest":"38DD3C865133F6C85CD7EB4B8743443DC442EC139CC8118C5570E9E499111509"}
  provided: {"digest":"C724CE7C89FAADE846AFB9E40CCAEE6219F4DE32AF942F3D606B04F92AFE6CDE"}
  reason: "Digests do not match"
[VS 3349823] tcId 435: failed
  expected: {"digest":"D2E12EB62D2C9ED61A543A9A3A2798C68F8590DBF000D782D9A4BF2E055FBE4E"}
  provided: {"digest":"04B1BA9F11443931A9652D13F1E0C2BC52CD850613BF55D81D1C1A763C93826B"}
  reason: "Digests do not match"
[VS 3349823] tcId 436: failed
  expected: {"digest":"DF8C0D7DCC8EF8D21FC81E023817EC52361DEE607911FAC104957EFBBBF481BA"}
  provided: {"digest":"F5F89FA2D7F0A85786306EE67FAD20E992E17B7D31D77D23E2A5043127554348"}
  reason: "Digests do not match"
[VS 3349823] tcId 438: failed
  expected: {"digest":"1A4475E5AFABE28BB76814B980EE6C5E685CD12CA19346D6BB869EF1C54A0250"}
  provided: {"digest":"306819F83C281AAED01EABB9D4010E63EBC40F6527AD5CB21261E33A7B4DC626"}
  reason: "Digests do not match"
[VS 3349823] tcId 439: failed
  expected: {"digest":"B68FC8D78B1A7BACCF351D055B930EF02EF49AB573ECD193D91BF940EAE05B78"}
  provided: {"digest":"6EA49816A283434E552D0E877ED99A3A9D18C34A61346F0A78104BBA4BD9140F"}
  reason: "Digests do not match"
[VS 3349823] tcId 440: failed
  expected: {"digest":"99A352A8921FB52A3DD33E3C6A986A0FC04E196C0CF17A282D8756E856542154"}
  provided: {"digest":"4BAAE90D041EEB2B2D4F9A8609CACC4F0859C5B197B632DE562F5F4A04A7921B"}
  reason: "Digests do not match"
[VS 3349823] tcId 441: failed
  expected: {"digest":"6CBDF015F3718EC50FDAEB1C57CCE24B05E91C16F6A79A223361BE94197FB03D"}
  provided: {"digest":"2FFE7EA93CEC41A9E29C6D1031872D6801126C2E14113F91FB33F832333E42A3"}
  reason: "Digests do not match"
[VS 3349823] tcId 442: failed
  expected: {"digest":"E85BBDA0ADE74D8E93994DD9C1C8F5C55BB9DFE14F28EDE0F96F3AA2C5194063"}
  provided: {"digest":"A20A1BF88059D28719BF7231312A5C1DB4DE7AA497117883EE343808A73EE575"}
  reason: "Digests do not match"
[VS 3349823] tcId 443: failed
  expected: {"digest":"3717B5C6631D8A704A5513207F0018B8E8B9CC73E0A632D343BC81AC10F7EEEB"}
  provided: {"digest":"82EB9769FCDDD5CC6584800664F069B11D951A81DEC18B52F634F60AF826ECDD"}
  reason: "Digests do not match"
[VS 3349823] tcId 444: failed
  expected: {"digest":"E14F6FA79A873F147EDFF78A34B5336DE0414ABBFDB092A45A3319267ED0C369"}
  provided: {"digest":"4A6B5BEEBD76CFAB35612F39A319F0DABA2A9B063E0342E5265EEFCED689E0A8"}
  reason: "Digests do not match"
[VS 3349823] tcId 445: failed
  expected: {"digest":"CCBEF38D2A1FE79D1687B226FDBFA7429BCFD98414C50B8F7B759D42B137E31B"}
  provided: {"digest":"C4DA3E75163EA56B79F0DF61175208C6865174D4808DA73EF2F8CC8520E065D5"}
  reason: "Digests do not match"
[VS 3349823] tcId 446: failed
  expected: {"digest":"6A2243C9A1DE5C0678702EFB5EAA9A4E640B05EFA39438404377C8BD2B3BE2E9"}
  provided: {"digest":"C050424915A73C294A00F13D59703906E77B9B8CFA176774E5E6B7B10CB1342C"}
  reason: "Digests do not match"
[VS 3349823] tcId 447: failed
  expected: {"digest":"9A8CB45EB4EA3B7A3019C2F02BAE715959BA0D845FDB3289394B0716524CA01D"}
  provided: {"digest":"07AFC5FD31AE8D7D087C1C4426301F00FA4BBF8E0744BAA9EA1875125C33A547"}
  reason: "Digests do not match"
[VS 3349823] tcId 448: failed
  expected: {"digest":"EB6CF4EF23650CBA0A22E174148C426E8E64C9873B8E033FC4E2AF66B8B8A7A9"}
  provided: {"digest":"66C9EB1141712410F4EF93D3B91E60B62F42506279354378216D581483751424"}
  reason: "Digests do not match"
[VS 3349823] tcId 449: failed
  expected: {"digest":"F48E06CB8BB0F6AE0420BBD46089AEE246F0CBC12288633630C0E0AAB7995E02"}
  provided: {"digest":"02FA1BB2680FB6A1EA15CFCD6E088201CAD7D0E9879C78849639F94205064310"}
  reason: "Digests do not match"
[VS 3349823] tcId 450: failed
  expected: {"digest":"73EDBDDF6D70174BCE748E0DF68C842B2E86C4A1D6266250F6AC0A6BB1D3229A"}
  provided: {"digest":"D5CD764257ECA7BD8665BC684A998EFA0AD2A48E2C09C9C49B8DBC114F7DF6B3"}
  reason: "Digests do not match"
[VS 3349823] tcId 451: failed
  expected: {"digest":"B24C0FB139AA3D92C71186100BE06C334B2CFAC04ED0AB1E67F14BA716EA154E"}
  provided: {"digest":"AF52D285BDD3774187FABB4CDB7305D1D7D6267AF698C162B23730FB2DB69907"}
  reason: "Digests do not match"
[VS 3349823] tcId 452: failed
  expected: {"digest":"65621836E9970D83F97A45EC787679BA1CF0FBAD180D5DEEE6C565E2DF0C0B25"}
  provided: {"digest":"C8C54E65B5936D3A22E9941C2FDFA1BBD7F8449BCAA7F141FBFF385D188554A0"}
  reason: "Digests do not match"
[VS 3349823] tcId 453: failed
  expected: {"digest":"F602D8B1AA0219AAC05FA301BBFA333B38F9FC5CE82F63EDE75AD9CEEA463C21"}
  provided: {"digest":"CEB75121CDF00BFEDB763520BAFB275472D7721CD1D328258D2C7452136D6410"}
  reason: "Digests do not match"
[VS 3349823] tcId 454: failed
  expected: {"digest":"06716858C4A9789DDBCA10C0518B824326E55D786231AC8020BFA962EDBBD17C"}
  provided: {"digest":"B62BBFCD358E7D65E1259904734D867D10995EBE0A5402A2FD2B5859AAEBD371"}
  reason: "Digests do not match"
[VS 3349823] tcId 455: failed
  expected: {"digest":"61728C5D427F42FE5BA0C942D23FD44EA96104C3BCC01A018CC5833DF89CBF93"}
  provided: {"digest":"DE7C9576C36C3B6F6E0551E7F14C33C7DC8A294A4C136482FA756C12D9C8AF32"}
  reason: "Digests do not match"
[VS 3349823] tcId 456: failed
  expected: {"digest":"9007C299B2EB9DAF41FEC303DE9BB40AE7192FA80840E76CCD054897E11E04B0"}
  provided: {"digest":"16FEAED96C4BCC9D77B185241F358F1C5D87F2201868F2F75A9D29A8C6B970E0"}
  reason: "Digests do not match"
[VS 3349823] tcId 457: failed
  expected: {"digest":"B67F35EB6328DBCF6F068754CE47C5E1C35F907E8CFC8DCCA65A64DEF31D925B"}
  provided: {"digest":"E8AE3D53350D44DD4D3D72CBC87C76A9FA0FEB68FE492B886160C3B3BDF41815"}
  reason: "Digests do not match"
[VS 3349823] tcId 459: failed
  expected: {"digest":"D0B589BF557A03EF8338D8DD60696B1ADAE37B5CE2FED442069B697225B82C84"}
  provided: {"digest":"1EAEFBED4D652B9D5C1D5FF783AED8CBA7807931023698F1FBFD4BCFE308509F"}
  reason: "Digests do not match"
[VS 3349823] tcId 460: failed
  expected: {"digest":"356DE973B224AEDA50E52D77CF5A071FADAC4FA37E1EFA9753485BA200B5496C"}
  provided: {"digest":"A2718B2FA23DE99090A2532D2A40C310FB15F9F041A57943420DF51A1D37594D"}
  reason: "Digests do not match"
[VS 3349823] tcId 461: failed
  expected: {"digest":"53299CBBA4B023F07E4D0E47906B31FFD6CC74546A6C2D0F364DEAB707C553EC"}
  provided: {"digest":"CD9D7ECB2B42D49B150F785D3E1B0970C3126DE92ECAC2BBC6F2DD60F1C522BE"}
  reason: "Digests do not match"
[VS 3349823] tcId 462: failed
  expected: {"digest":"F2F8E2279E47176CEE4DAE9A15AC9BCB1D889F317DF1CEC2852277FD95066746"}
  provided: {"digest":"8618D03E520378272FF71CCAA934BD16483B98E238EE7A0723466C19EDE57922"}
  reason: "Digests do not match"
[VS 3349823] tcId 466: failed
  expected: {"digest":"98E60FF9E97E178FB2AA67477F2B025B2F6F7499EDA93592E78048D0758C1991"}
  provided: {"digest":"91DDCEF66B2CDAAC7EE0717CF3AE8830E81D83BA4349EF33FAF2B00FD2D7640A"}
  reason: "Digests do not match"
[VS 3349823] tcId 467: failed
  expected: {"digest":"77BEE29FD89955E70885B2B4F20A97D9E03A3A2E85839B7E59F90FC85B70C21E"}
  provided: {"digest":"A270BDED50072A33345FACAF399647C3D5BD7A666B10E193D1060DD774618C1E"}
  reason: "Digests do not match"
[VS 3349823] tcId 468: failed
  expected: {"digest":"1655458C22EE1225CC8CDBEA2FFEF9A32C27DEEFFCD5CFB42E30366C4D0E5E93"}
  provided: {"digest":"50C2CA3657A1C83C9B6D96E1577186FEA477346BC4B4978A8C4C7790ABB485B0"}
  reason: "Digests do not match"
[VS 3349823] tcId 470: failed
  expected: {"digest":"CA7D923BC4BE51AF941F3D6CAFBC8647F809BA9F2F165BF995B7B23D099EB773"}
  provided: {"digest":"6CDD5C7759DD450C91A2219D97A8D511D8D1EB9388BE93DF0860803CF8B68F20"}
  reason: "Digests do not match"
[VS 3349823] tcId 471: failed
  expected: {"digest":"2F2F2BF71898EBB1F6EE2BED5755382FB98BACDC23355E2721DE908770CADAA6"}
  provided: {"digest":"9DA5F54C312B2A33B57E971AB63B00EE50FA5FDD9B8C4E322150644E3256658C"}
  reason: "Digests do not match"
[VS 3349823] tcId 472: failed
  expected: {"digest":"CA6A4E7A21A25B5B5DC5171BA21DF009700A81F9A9B9B92210CABF90D9CA0CC6"}
  provided: {"digest":"DAF6C3497E06F5606C71B148E846358F7149B7B95C9C97C1652F55BDA2DEB169"}
  reason: "Digests do not match"
[VS 3349823] tcId 476: failed
  expected: {"digest":"0215AFF235E0DC1E67974E6EAA8B46E4A76D4E33733D8CE3D0A0088C4221D8AE"}
  provided: {"digest":"C444B2408B73F8233848105A1FCEF9485EFA05C5CCD4C414BEE27A0EB4DD5660"}
  reason: "Digests do not match"
[VS 3349823] tcId 478: failed
  expected: {"digest":"60D0274C895704736BF45BA054E6961A6D43C14115E8C586298A38AB1CACAB0D"}
  provided: {"digest":"A859BE17B376E5C82EB6289BC8FCC131AD9DE0F5C27A2EFC5FE2211F7A8D23EA"}
  reason: "Digests do not match"
[VS 3349823] tcId 479: failed
  expected: {"digest":"7C36A8B4323FF7D13B7EC3A2861BCD11C85286D4E01C209C3606F1830A6A9D31"}
  provided: {"digest":"AC824C4B86736EE6E903AF7BFBB303BA114F2D9D14209E41606FC7E472C0E267"}
  reason: "Digests do not match"
[VS 3349823] tcId 480: failed
  expected: {"digest":"C9312D54C8F1C8B1D00CFF1DB1F7971F735FD2DDE3C405530A7161B2B57B668F"}
  provided: {"digest":"21E145973093EE0EDC8F5BEA86C7538A274D999D10466E7781CED6128379C760"}
  reason: "Digests do not match"
[VS 3349823] tcId 481: failed
  expected: {"digest":"9987325B3924D7A0B674C7E9E43D7B01CF39383D00D91F7881B6D96EC4DB6465"}
  provided: {"digest":"46FEEB30F656D8873C7922D40D3C92974B8FFFA6C087DE3F472CAC12456F4289"}
  reason: "Digests do not match"
[VS 3349823] tcId 482: failed
  expected: {"digest":"1E36078F82D3380DD9A352C34AF1ADEFD46EDF96A87ACABD501808B9F856C512"}
  provided: {"digest":"DFE831CE4C21F9569A2458A069F0F393B22E119A260EA6A59CA465213A729A4A"}
  reason: "Digests do not match"
[VS 3349823] tcId 483: failed
  expected: {"digest":"D0354A1476CC5D23E24FA7EAEC86858F346911960E631FEF641FFEE6E88AF859"}
  provided: {"digest":"BF97514665D34B109722C278E69489C678A3A8792EBF7DA30B6A053055F437F2"}
  reason: "Digests do not match"
[VS 3349823] tcId 484: failed
  expected: {"digest":"583E948E6088A21D00763A445D93E6052B46DFB56F97DBE135DC2EB993BF7BF4"}
  provided: {"digest":"D798D1CDB461CC424E7387ADC53E7BAD9C8EAABA82C1EAC44151DF5A7104EBAD"}
  reason: "Digests do not match"
[VS 3349823] tcId 486: failed
  expected: {"digest":"E6D7F53F336D3717A23B615C139F59ED2C717F2D185DDCEE50CD4AC81B907F08"}
  provided: {"digest":"5E1D207298CEACF5201ADEBA9A5657A1E7212227D101AA6D6C5A6EE4F635C56E"}
  reason: "Digests do not match"
[VS 3349823] tcId 487: failed
  expected: {"digest":"DEAC7C9937102478351742C6EC8EECA0F113D29C110C90084E63BB72D8BDA524"}
  provided: {"digest":"B429CAA3AC3E9CBDB8DEB9DC2965900D38F1F0A993A1C5278F9D88B356C16946"}
  reason: "Digests do not match"
[VS 3349823] tcId 488: failed
  expected: {"digest":"A39330B72A2F967C31B0E9947EA9190497D3F59686998CE3BF67BF7A1255FC00"}
  provided: {"digest":"3145621A95332AC9EB7B2D632C77B57D843D512ED10622D0961CD99D018114E8"}
  reason: "Digests do not match"
[VS 3349823] tcId 489: failed
  expected: {"digest":"F75C8B68762C28DDB28FCAABA5CD6FD2BDA27E84ED4D68D01A79587D4DB4B0D1"}
  provided: {"digest":"5D2B9E0CA41829B866B1F6630EA30822D3F4B7A63BB160F480620BAA3C8534E5"}
  reason: "Digests do not match"
[VS 3349823] tcId 490: failed
  expected: {"digest":"F38776B1EA2107F77409712F5C9D54FB2C44CF256C2A1D0F21A178AC60F497A8"}
  provided: {"digest":"08CFCF96E671DBA698155D56E5EFBEAA32E962F91784418D748336612AF09DE3"}
  reason: "Digests do not match"
[VS 3349823] tcId 492: failed
  expected: {"digest":"C805C747B398D6AC70A7CD16F5B70C05E4D5198D338EE1057591107E690E3A3F"}
  provided: {"digest":"B1FAE553C0D368898FDB4717BD05A7E2325587C1061B95070A4D83133DE9F2BB"}
  reason: "Digests do not match"
[VS 3349823] tcId 493: failed
  expected: {"digest":"922405EB3D28069799BAB2B2A48AA9CAC2B38C96846564049C6DBE8846D47D9C"}
  provided: {"digest":"A6A5B2732FBA87E84DEF28565F5C97FD9FBF50E34C4C86DF4317F293217A18C5"}
  reason: "Digests do not match"
[VS 3349823] tcId 494: failed
  expected: {"digest":"F2452C4168D4265EBD0DF7D6220817490E05C99152EAAA81220AE6FA4442E16C"}
  provided: {"digest":"AE522C4C5C9CFB27DF4321342EC39E1DD6D3C8F6C3B63E361536027094EA1DBE"}
  reason: "Digests do not match"
[VS 3349823] tcId 495: failed
  expected: {"digest":"C900838A64C97530860D582213C26B6CAA1723C7BA454956499EB6530DA79FBA"}
  provided: {"digest":"4A6D8D77ECB4D32FCB125BC3702DFEABC355B60F70FC394D78929308E66E1880"}
  reason: "Digests do not match"
[VS 3349823] tcId 496: failed
  expected: {"digest":"CC3A90C76D89E78004E6E2F80DC205E2D622FAFFCD4C8A8668693B70899EA7FA"}
  provided: {"digest":"F439E67142A4929BA53F6D7C914968C2000384CBF6F3D6C64C3A2E0E31BCB75C"}
  reason: "Digests do not match"
[VS 3349823] tcId 497: failed
  expected: {"digest":"156880F60AB5D3CFD3031D241D43C4666C2497882E928F432317B10748287838"}
  provided: {"digest":"BED6B90EBC6BBE7696EC9335C26C23489A1EA58308F26B8460A372FEB55235E4"}
  reason: "Digests do not match"
[VS 3349823] tcId 498: failed
  expected: {"digest":"C1C4F187F64A1B4A73BBDEC06B1883B4A12B21BC9671F1498B99D146EE412B17"}
  provided: {"digest":"A19E269E97AD60A6BD02A59AE16FA741E7837E2FE035CF94EB5CAD08D79F716A"}
  reason: "Digests do not match"
[VS 3349823] tcId 499: failed
  expected: {"digest":"E4CEFF43F1B8778BE78EA781CF66702EFCFA33E3557A2B95E593186BEB7C8F76"}
  provided: {"digest":"344387B90A2F225BC14BD5DDAC5D48511F2863EBF1217EF304A9B0D3BD31E070"}
  reason: "Digests do not match"
[VS 3349823] tcId 500: failed
  expected: {"digest":"F61FB951EA00E11E29CE06399AB042320E8BFF3DE12A1ECF6B3A5B3EA19E4BC1"}
  provided: {"digest":"73E1F3AE6234E60B6055AD277F4D33DE1ACB1CA2B3A83A522F2E6AB29830695D"}
  reason: "Digests do not match"
[VS 3349823] tcId 502: failed
  expected: {"digest":"AAC794B53A1DF8194B411A44A6A6220DB4FB12088076BC909B3775879018C87C"}
  provided: {"digest":"C6E628CF436618D0BE97F684AE3778A2F13270521DD8E89D6FDE281A5EBD261F"}
  reason: "Digests do not match"
[VS 3349823] tcId 503: failed
  expected: {"digest":"DF7871530F3FF38FFAA67A5C856259C35BAE08C70F5D6285C6FCD7CAB1CE8C18"}
  provided: {"digest":"10C4657FC4AE807C8A91E8B7470B33098C010E39225B40C16E0C82BD1913E9BF"}
  reason: "Digests do not match"
[VS 3349823] tcId 504: failed
  expected: {"digest":"94BD42B9C7D78347BE771CF117613E4A4002CCAA666B93EC8B2A2AFC171CAE0A"}
  provided: {"digest":"A6E46AF4EEC2E1EDA8307E2B33ECFD576A5FA8840EB1B7FB6BB5A0E0C3561D13"}
  reason: "Digests do not match"
[VS 3349823] tcId 505: failed
  expected: {"digest":"8D5B0DF59839DA824E93D292917F4F7CA4C7869882D34E322B2D686C1AE821F9"}
  provided: {"digest":"FABF324B1082814139303B4088855A4D816058C20F2A9F7C2AE2B783B0EFEEAA"}
  reason: "Digests do not match"
[VS 3349823] tcId 507: failed
  expected: {"digest":"C6FAB66831C43010673AD0E177ABD1415F2183FDF9778619101AB0BA8300335D"}
  provided: {"digest":"42BC742FECE7E85E63407471EB508C775CE6A91E9C736D63103DD88EF6A64796"}
  reason: "Digests do not match"
[VS 3349823] tcId 508: failed
  expected: {"digest":"E4998F5628F3E4D4EB3EDFBEAF1058433D51BFEADB485199CA7A26BD8BFDBB8B"}
  provided: {"digest":"DEB1F0B9DEB60195243C9A0080A28894E6B99843F046365C4578B786EE71705E"}
  reason: "Digests do not match"
[VS 3349823] tcId 509: failed
  expected: {"digest":"9BE1245C328CBFC0BF6FAB120B7EBDA91B3BA843D7C9F874524FBFA13956E660"}
  provided: {"digest":"927E81F1C499B947B6F8D11AB052D9FB17A3979528FDAEB371A3C43C0BDA90F3"}
  reason: "Digests do not match"
[VS 3349823] tcId 510: failed
  expected: {"digest":"D147521E0E7CE4F8398C4084FE7A254074D8B5C2FC3B8C1D5E23B010A4F5C7EF"}
  provided: {"digest":"82D42AD1A967E64EF3DB4332F0802CEFD101B2B45CD560DA23273A8F61F98AEC"}
  reason: "Digests do not match"
[VS 3349823] tcId 511: failed
  expected: {"digest":"91D6498ACAF22220EB7CE16B456D5CEAA944CA6370E4C783688F0207CC4C40A5"}
  provided: {"digest":"4F7011F1BE2ED67D4B472D10200F6A2712484FAC87B6CDFD138A4800ADBD9068"}
  reason: "Digests do not match"
[VS 3349823] tcId 512: failed
  expected: {"digest":"C6B06302D02E3F01577B9179DCD29F7586CBF0D8B3316A956B1A764728652727"}
  provided: {"digest":"7D80559F0C3D1AEFFCAE5B121C81DCADCC9EE7B21921E20E53A8BF439F5A3FAB"}
  reason: "Digests do not match"
[VS 3349823] tcId 513: failed
  reason: "ResultsArray was not present in the TestCase"
[VS 3349823] failed tests: 451
[SESSION 647286] summary:
  /acvp/v1/testSessions/647286/vectorSets/3349823 → <pending>
